PRAGMA foreign_keys=OFF;
BEGIN TRANSACTION;
CREATE TABLE SMILES (
    smiles_id INTEGER PRIMARY KEY,
    smiles_text TEXT NOT NULL UNIQUE,
    multiplicity INTEGER NOT NULL,
    initial TEXT NOT NULL
);
INSERT INTO SMILES VALUES(1,'O=O',3,unistr('2\u000a\u000aO      0.570474    0.000000    0.000000\u000aO     -0.570474    0.000000    0.000000\u000a'));
INSERT INTO SMILES VALUES(2,'C=C',1,unistr('6\u000a\u000aC      0.655554   -0.035614   -0.006597\u000aC     -0.671061    0.038953    0.005914\u000aH      1.216137   -0.919792    0.272545\u000aH      1.249694    0.823943   -0.310070\u000aH     -1.219556    0.943152   -0.280248\u000aH     -1.230767   -0.850642    0.318456\u000a'));
INSERT INTO SMILES VALUES(3,'[CH2]CCC1CO1',2,unistr('15\u000a\u000aC     -1.785893   -0.046706   -0.464863\u000aC     -0.937810   -0.333152    0.759089\u000aC      0.144316    0.727972    0.807356\u000aC      0.975441    0.659962   -0.435134\u000aC      1.722261   -0.581902   -0.780463\u000aO      0.542355   -0.244043   -1.421873\u000aH     -2.508157    0.772451   -0.256115\u000aH     -2.330991   -0.946844   -0.834617\u000aH     -0.452539   -1.325367    0.599703\u000aH     -1.495853   -0.266289    1.697996\u000aH      0.742671    0.679978    1.749723\u000aH     -0.418872    1.705993    0.774439\u000aH      1.457019    1.597570   -0.751818\u000aH      1.746728   -1.360872   -0.002450\u000aH      2.599325   -0.527081   -1.440972\u000a'));
INSERT INTO SMILES VALUES(4,'C[CH]CC1CO1',2,unistr('15\u000a\u000aC     -2.401297    0.175827    0.325686\u000aC     -1.071834    0.932706    0.211540\u000aC     -0.029603   -0.146964    0.074394\u000aC      1.352566    0.392408   -0.051330\u000aC      2.491592   -0.527906   -0.194184\u000aO      1.891591    0.022175   -1.379551\u000aH     -3.250197    0.876523    0.293971\u000aH     -2.476569   -0.624255   -0.432228\u000aH     -2.376630   -0.346718    1.307048\u000aH     -1.080761    1.615426   -0.663983\u000aH     -0.070841   -0.717123    1.036609\u000aH     -0.333004   -0.867012   -0.706648\u000aH      1.555626    1.448312    0.213667\u000aH      3.524469   -0.140915   -0.085702\u000aH      2.274891   -1.580814    0.050711\u000a'));
INSERT INTO SMILES VALUES(5,'CC[CH]C1CO1',2,unistr('15\u000a\u000aC     -2.418695    0.226699    0.050103\u000aC     -1.082677   -0.468718    0.129857\u000aC      0.078806    0.517084   -0.034556\u000aC      1.350596   -0.322713    0.066254\u000aC      2.628887    0.340568   -0.052947\u000aO      2.056154   -0.569490   -1.099718\u000aH     -3.064736   -0.270422   -0.699056\u000aH     -2.929395    0.173955    1.033199\u000aH     -2.295649    1.295633   -0.170163\u000aH     -0.965199   -0.971279    1.130664\u000aH     -1.021866   -1.276091   -0.624914\u000aH      0.080638    1.234298    0.809953\u000aH      1.270601   -1.092701    0.860467\u000aH      2.796570    1.288371   -0.589629\u000aH      3.515965   -0.105193    0.419827\u000a'));
CREATE TABLE METHODS (
    method_id INTEGER PRIMARY KEY,
    functional TEXT NOT NULL,
    basis TEXT NOT NULL,
    method TEXT NOT NULL,
    inp_template TEXT NOT NULL,
    submit_template TEXT NOT NULL,
    UNIQUE (functional, basis, method)
);
INSERT INTO METHODS VALUES(1,'REVDSD-PBEP86-D4/2021','def2-TZVPP def2-TZVPP/c','OPT NumFreq',unistr('%PAL NPROCS 16 END\u000a%maxcore 750\u000a! REVDSD-PBEP86-D4/2021 def2-TZVPP def2-TZVPP/c OPT NumFreq\u000a* xyzfile 0 [multiplicity] init.xyz\u000a'),unistr('#!/bin/bash\u000a#SBATCH --partition=batch\u000a#SBATCH --gres=lscratch:20\u000a#SBATCH --job-name=[SMILES]_OPT\u000a#SBATCH --nodes=1\u000a#SBATCH --ntasks=16\u000a#SBATCH --ntasks-per-node=16\u000a#SBATCH --cpus-per-task=1\u000a#SBATCH --time=02:00:00\u000a#SBATCH --mem-per-cpu=1G\u000a\u000acd ${SLURM_SUBMIT_DIR}\u000amkdir -p /lscratch/${USER}/${SLURM_JOB_ID}\u000acp -r "${SLURM_SUBMIT_DIR}/." /lscratch/${USER}/${SLURM_JOB_ID}\u000acd /lscratch/${USER}/${SLURM_JOB_ID}\u000a\u000amodule load ORCA/6.1\u000a$(which orca) calc.inp > calc.log\u000acp -r /lscratch/${USER}/${SLURM_JOB_ID} ${SLURM_SUBMIT_DIR}\u000arm -rf /lscratch/${USER}/${SLURM_JOB_ID}\u000a'));
INSERT INTO METHODS VALUES(2,'XTB','N/A','GOAT',unistr('%PAL NPROCS 8 END\u000a%maxcore 750\u000a! XTB GOAT\u000a* xyzfile 0 [multiplicity] init.xyz\u000a'),unistr('#!/bin/bash\u000a#SBATCH --partition=batch\u000a#SBATCH --gres=lscratch:10\u000a#SBATCH --job-name=[SMILES]_GOAT\u000a#SBATCH --nodes=1\u000a#SBATCH --ntasks=8\u000a#SBATCH --ntasks-per-node=8\u000a#SBATCH --cpus-per-task=1\u000a#SBATCH --time=00:30:00\u000a#SBATCH --mem-per-cpu=1G\u000a\u000acd ${SLURM_SUBMIT_DIR}\u000amkdir -p /lscratch/${USER}/${SLURM_JOB_ID}\u000acp -r "${SLURM_SUBMIT_DIR}/." /lscratch/${USER}/${SLURM_JOB_ID}\u000acd /lscratch/${USER}/${SLURM_JOB_ID}\u000a\u000amodule load ORCA/6.1\u000a$(which orca) calc.inp > calc.log\u000acp -r /lscratch/${USER}/${SLURM_JOB_ID} ${SLURM_SUBMIT_DIR}\u000arm -rf /lscratch/${USER}/${SLURM_JOB_ID}\u000a'));
INSERT INTO METHODS VALUES(3,'CCSD(T)-F12/RI','cc-pVDZ-F12 cc-pVDZ-F12-CABS cc-pVTZ/c','CALC',unistr('%PAL NPROCS [num_cpus] END\u000a%maxcore [mem_per_cpu]\u000a! CCSD(T)-F12/RI cc-pVDZ-F12 cc-pVDZ-F12-CABS cc-pVTZ/c\u000a* xyzfile 0 [multiplicity] init.xyz\u000a'),unistr('#!/bin/bash\u000a#SBATCH --partition=batch\u000a#SBATCH --gres=lscratch:[lscratch_size]\u000a#SBATCH --job-name=[SMILES]_CALC\u000a#SBATCH --nodes=1\u000a#SBATCH --ntasks=[num_cpus]\u000a#SBATCH --ntasks-per-node=[num_cpus]\u000a#SBATCH --cpus-per-task=1\u000a#SBATCH --time=[time_requested]\u000a#SBATCH --mem-per-cpu=[mem_per_cpu]\u000a\u000acd ${SLURM_SUBMIT_DIR}\u000amkdir -p /lscratch/${USER}/${SLURM_JOB_ID}\u000acp -r "${SLURM_SUBMIT_DIR}/." /lscratch/${USER}/${SLURM_JOB_ID}\u000acd /lscratch/${USER}/${SLURM_JOB_ID}\u000a\u000amodule load ORCA/6.1\u000a$(which orca) calc.inp > calc.log\u000acp -r /lscratch/${USER}/${SLURM_JOB_ID} ${SLURM_SUBMIT_DIR}\u000arm -rf /lscratch/${USER}/${SLURM_JOB_ID}\u000a'));
INSERT INTO METHODS VALUES(4,'XTB','N/A','OPT SCAN',unistr('%PAL NPROCS 8 END\u000a%maxcore 750\u000a! XTB OPT\u000a% geom\u000a   scan\u000a       B [idx1] [idx2] = [start], [end], 18\u000a   end\u000aend\u000a* xyzfile 0 [multiplicity] init.xyz\u000a'),unistr('#!/bin/bash\u000a#SBATCH --partition=batch\u000a#SBATCH --gres=lscratch:10\u000a#SBATCH --job-name=[SMILES]_XTB\u000a#SBATCH --nodes=1\u000a#SBATCH --ntasks=8\u000a#SBATCH --ntasks-per-node=8\u000a#SBATCH --cpus-per-task=1\u000a#SBATCH --time=00:30:00\u000a#SBATCH --mem-per-cpu=1G\u000acd ${SLURM_SUBMIT_DIR}\u000amkdir -p /lscratch/${USER}/${SLURM_JOB_ID}\u000acp -r "${SLURM_SUBMIT_DIR}/." /lscratch/${USER}/${SLURM_JOB_ID}\u000acd /lscratch/${USER}/${SLURM_JOB_ID}\u000a\u000amodule load ORCA/6.1\u000a$(which orca) calc.inp > calc.log\u000acp -r /lscratch/${USER}/${SLURM_JOB_ID} ${SLURM_SUBMIT_DIR}\u000arm -rf /lscratch/${USER}/${SLURM_JOB_ID}\u000a'));
CREATE TABLE CALCULATIONS (
    calc_id INTEGER PRIMARY KEY,
    smiles_id INTEGER REFERENCES SMILES(smiles_id),
    method_id INTEGER REFERENCES Methods(method_id),
    scan_idx1 INTEGER DEFAULT -1,
    scan_idx2 INTEGER DEFAULT -1
);
INSERT INTO CALCULATIONS VALUES(1,2,2,-1,-1);
INSERT INTO CALCULATIONS VALUES(2,1,2,-1,-1);
INSERT INTO CALCULATIONS VALUES(3,3,2,-1,-1);
INSERT INTO CALCULATIONS VALUES(4,4,2,-1,-1);
INSERT INTO CALCULATIONS VALUES(5,5,2,-1,-1);
INSERT INTO CALCULATIONS VALUES(6,2,1,-1,-1);
INSERT INTO CALCULATIONS VALUES(7,1,1,-1,-1);
INSERT INTO CALCULATIONS VALUES(8,1,3,-1,-1);
INSERT INTO CALCULATIONS VALUES(9,3,1,-1,-1);
INSERT INTO CALCULATIONS VALUES(10,4,1,-1,-1);
INSERT INTO CALCULATIONS VALUES(11,5,1,-1,-1);
INSERT INTO CALCULATIONS VALUES(12,5,3,-1,-1);
INSERT INTO CALCULATIONS VALUES(13,3,3,1,2);
INSERT INTO CALCULATIONS VALUES(14,3,4,1,2);
CREATE TABLE ENERGIES (
    calc_id INTEGER REFERENCES SMILES(calc_id) UNIQUE,
    energy_value DOUBLE PRECISION NOT NULL,
    units TEXT DEFAULT 'kcal/mol'
);
INSERT INTO ENERGIES VALUES(6,32.09000000000000342,'kcal/mol');
INSERT INTO ENERGIES VALUES(7,2.299999999999999822,'kcal/mol');
INSERT INTO ENERGIES VALUES(8,-94231.3438208822482,'kcal/mol');
INSERT INTO ENERGIES VALUES(9,80.56000000000000227,'kcal/mol');
INSERT INTO ENERGIES VALUES(1,0.0,'kcal/mol');
INSERT INTO ENERGIES VALUES(2,0.0,'kcal/mol');
INSERT INTO ENERGIES VALUES(3,0.0,'kcal/mol');
INSERT INTO ENERGIES VALUES(4,0.0,'kcal/mol');
INSERT INTO ENERGIES VALUES(5,0.0,'kcal/mol');
INSERT INTO ENERGIES VALUES(10,80.5799999999999983,'kcal/mol');
INSERT INTO ENERGIES VALUES(11,81.03000000000000113,'kcal/mol');
CREATE TABLE XYZ (
    calc_id INTEGER REFERENCES SMILES(calc_id) UNIQUE,
    xyz_text TEXT NOT NULL
);
INSERT INTO XYZ VALUES(1,unistr('6\u000aCoordinates from ORCA-job calc E  -6.271260497620\u000a  C           0.65751539706622     -0.02203263419767     -0.01118259121220\u000a  C          -0.65793815825483      0.02203432590837      0.01119395107461\u000a  H           1.20411487367270     -0.90779480763024      0.26888613670958\u000a  H           1.25298979396986      0.82498111235829     -0.31051502728534\u000a  H          -1.20386511242526      0.90812969683270     -0.26900477170437\u000a  H          -1.25281579402870     -0.82531769327146      0.31062230241772\u000a'));
INSERT INTO XYZ VALUES(2,unistr('2\u000aCoordinates from ORCA-job calc E  -7.904118325700\u000a  O           0.60490648604114      0.00000000000000      0.00000000000000\u000a  O          -0.60490648604114      0.00000000000000      0.00000000000000\u000a'));
INSERT INTO XYZ VALUES(3,unistr('15\u000aCoordinates from ORCA-job calc E -19.242225602060\u000a  C          -1.75582728958156     -0.38734356422390     -0.30598088053695\u000a  C          -0.92968162508954     -0.30329937886080      0.90997865925742\u000a  C           0.11626973691946      0.82662516420066      0.83689087055406\u000a  C           1.07570431709010      0.70851865201728     -0.32837498110387\u000a  C           1.44792957167065     -0.55519209115205     -0.96649190210528\u000a  O           0.58790600594564      0.35711643922118     -1.58808394071356\u000a  H          -2.21990232950903      0.49696115841984     -0.69520254439853\u000a  H          -1.86360608958152     -1.30303075772831     -0.85039263006897\u000a  H          -0.43835842481517     -1.25614302210942      1.11553094464417\u000a  H          -1.56109774036427     -0.07199631349690      1.78192042409717\u000a  H           0.70234242969205      0.84805193592261      1.75920768142165\u000a  H          -0.40449300968421      1.78248512106114      0.74295544958736\u000a  H           1.81984461224976      1.50623658559270     -0.35022396902339\u000a  H           0.99308915348633     -1.48263459999702     -0.64463579459348\u000a  H           2.42988168157131     -0.65468532886700     -1.41709638701780\u000a'));
INSERT INTO XYZ VALUES(4,unistr('15\u000aCoordinates from ORCA-job calc E -19.253162246590\u000a  C          -2.22406480889208      0.52731436417085      0.48200692540581\u000a  C          -1.29708474352301     -0.03277316589363     -0.52273158315106\u000a  C          -0.04785104886489     -0.72230679127222     -0.13082704932378\u000a  C           1.10228724981717      0.26727727555260      0.06367267612953\u000a  C           2.49680058790590     -0.12976231196139     -0.14467235401566\u000a  O           1.81597728059340      0.67939728218182     -1.06127203000914\u000a  H          -2.01048160565174      1.58560658979250      0.68225725690311\u000a  H          -3.25430148427235      0.48262661595715      0.12645986184940\u000a  H          -2.15000572110924     -0.00895740702718      1.42689590115492\u000a  H          -1.40552747764839      0.27542048711526     -1.54825486377797\u000a  H          -0.18235366217469     -1.25637412904877      0.81459113091395\u000a  H           0.25427636446960     -1.43189222929565     -0.90510495997461\u000a  H           0.89707418060046      1.05695486925108      0.78400269831763\u000a  H           3.28919583035447      0.35602943623115      0.41391764246262\u000a  H           2.71605805839539     -1.13689088575356     -0.48094125288472\u000a'));
INSERT INTO XYZ VALUES(5,unistr('15\u000aCoordinates from ORCA-job calc E -19.259413942250\u000a  C          -2.24632908904149      0.05638577239836     -0.22487027107050\u000a  C          -1.12934741106321     -0.44404295122977      0.71017054897328\u000a  C           0.12024290853216      0.32445883441288      0.52371471622278\u000a  C           1.20627682500695     -0.15800813662774     -0.29161870310121\u000a  C           2.62266135342241      0.19627802406912     -0.00001287200169\u000a  O           1.94485423622276      0.76382509900964     -1.07275609537585\u000a  H          -3.15439312859723     -0.52012811178996     -0.06575609344762\u000a  H          -2.45794535543906      1.10465309264552     -0.03130105506019\u000a  H          -1.93941323689524     -0.04761975810679     -1.26221432604009\u000a  H          -1.47853176429286     -0.33758536368819      1.74150356649817\u000a  H          -0.95155000170664     -1.50334589298426      0.51212851279803\u000a  H           0.17164398722060      1.33689835219066      0.88764507536466\u000a  H           1.04789182555675     -1.12101143234231     -0.77474924884201\u000a  H           2.83972820380357      0.86226083218497      0.82757258316093\u000a  H           3.40421064727053     -0.51301736014214     -0.25011533807868\u000a'));
INSERT INTO XYZ VALUES(7,unistr('2\u000aCoordinates from ORCA-job calc E -150.154784270743\u000a  O           0.60207571525135      0.00000000000000      0.00000000000000\u000a  O          -0.60207571525135      0.00000000000000      0.00000000000000\u000a'));
INSERT INTO XYZ VALUES(6,unistr('6\u000aCoordinates from ORCA-job calc E -78.456122829886\u000a  C           0.66509623283071     -0.02244775305965     -0.01125792592181\u000a  C          -0.66509763625815      0.02244852572630      0.01126250145854\u000a  H           1.20627763130953     -0.91700246634998      0.27189550381435\u000a  H           1.25543646989324      0.83393724018747     -0.31357145214207\u000a  H          -1.20627406031531      0.91700296162223     -0.27189937355231\u000a  H          -1.25543763746003     -0.83393850812638      0.31357074634330\u000a'));
INSERT INTO XYZ VALUES(9,unistr('15\u000aCoordinates from ORCA-job calc E -270.660214369212\u000a  C          -1.81850045916113     -0.48127705428008     -0.26272634465160\u000a  C          -0.90244541256004     -0.33495642308601      0.90418442309349\u000a  C           0.08730126813878      0.82848280682709      0.81376016159837\u000a  C           1.14976926840136      0.74562471921132     -0.25610609300092\u000a  C           1.44554536517343     -0.45344666490686     -1.04484543808221\u000a  O           0.73259676507965      0.64640020439587     -1.62478799217948\u000a  H          -1.59713422141375     -0.00968109264895     -1.20757174147096\u000a  H          -2.67340232579184     -1.13939631731537     -0.19369185637832\u000a  H          -0.34206330128494     -1.26733465349505      1.07189983570341\u000a  H          -1.49740279152509     -0.20394814730949      1.81584162901140\u000a  H           0.61063761549544      0.91868989625356      1.77123172796186\u000a  H          -0.46046517121413      1.76590326252455      0.67136977967812\u000a  H           1.96584913084940      1.45294501578206     -0.12179037412596\u000a  H           0.85287018250806     -1.35039273023984     -0.90275493707859\u000a  H           2.44684508730482     -0.60594282171279     -1.43401178007861\u000a'));
INSERT INTO XYZ VALUES(10,unistr('15\u000aCoordinates from ORCA-job calc E -270.665967573075\u000a  C          -2.20376780463760      0.54926840483693      0.45949786587703\u000a  C          -1.30583210679052     -0.11082949981830     -0.52876350123946\u000a  C          -0.03340718849466     -0.75824061765219     -0.08947539460419\u000a  C           1.08262109318338      0.24461378954813      0.11707102647214\u000a  C           2.47867060232396     -0.08218138289541     -0.17499063241361\u000a  O           1.71346457156254      0.73552246786242     -1.07106400062556\u000a  H          -1.79694800470094      1.51128735867900      0.80506269895669\u000a  H          -3.18751570197210      0.75607246738330      0.03553947811577\u000a  H          -2.33707898433157     -0.07195624362584      1.35040652262343\u000a  H          -1.41260762596768      0.13331313232804     -1.57790406726302\u000a  H          -0.18934918245882     -1.29062099850854      0.85663650704155\u000a  H           0.30476832645416     -1.48682325003552     -0.83116185100020\u000a  H           0.88881732803629      1.02008794065496      0.85500540581128\u000a  H           3.27826968189275      0.43301690923944      0.34678845069573\u000a  H           2.71989399590084     -1.07086047799641     -0.55264850844755\u000a'));
INSERT INTO XYZ VALUES(11,unistr('15\u000aCoordinates from ORCA-job calc E -270.668660537679\u000a  C          -2.15959166573671      0.09058060393319     -0.28663283413791\u000a  C          -1.17819359448830     -0.46542476446649      0.76149638160416\u000a  C           0.14861065224186      0.21120893129815      0.70810851421783\u000a  C           1.20239051267724     -0.24101515719538     -0.18937647185031\u000a  C           2.58099664241361      0.26616045108009     -0.09979920630036\u000a  O           1.73285065199615      0.73698658247602     -1.14024868123961\u000a  H          -3.12077869184038     -0.42489667854120     -0.22887832334829\u000a  H          -2.33156474092180      1.15644907850181     -0.12659067812272\u000a  H          -1.76074156092091     -0.03585427749692     -1.29473172784559\u000a  H          -1.61692109044283     -0.34833376460166      1.75622393132069\u000a  H          -1.05084621823468     -1.53961458321200      0.59393641454846\u000a  H           0.26784022416830      1.18849234456824      1.16185120958152\u000a  H           1.06467558800917     -1.22189837458763     -0.63632034680201\u000a  H           2.81874479501065      0.99541383778412      0.66913440555329\u000a  H           3.40252849606863     -0.36825322954034     -0.41883158717917\u000a'));
CREATE TABLE TRAJ (
    calc_id INTEGER REFERENCES SMILES(calc_id) UNIQUE,
    traj_text TEXT NOT NULL
);
INSERT INTO TRAJ VALUES(1,unistr('6\u000aCoordinates from ORCA-job calc E  -6.269922952460\u000a  C       0.655554     -0.035614     -0.006597\u000a  C      -0.671061      0.038953      0.005914\u000a  H       1.216137     -0.919792      0.272545\u000a  H       1.249694      0.823943     -0.310070\u000a  H      -1.219556      0.943152     -0.280248\u000a  H      -1.230767     -0.850642      0.318456\u000a6\u000aCoordinates from ORCA-job calc E  -6.270977342220\u000a  C       0.652019     -0.030517     -0.008196\u000a  C      -0.665130      0.033444      0.007590\u000a  H       1.204629     -0.910849      0.269888\u000a  H       1.244451      0.821207     -0.309014\u000a  H      -1.204526      0.920258     -0.273033\u000a  H      -1.231441     -0.833543      0.312765\u000a6\u000aCoordinates from ORCA-job calc E  -6.271169671810\u000a  C       0.653472     -0.026337     -0.009632\u000a  C      -0.661687      0.028104      0.009275\u000a  H       1.202740     -0.908305      0.269095\u000a  H       1.247198      0.822330     -0.309468\u000a  H      -1.201809      0.912294     -0.270452\u000a  H      -1.239914     -0.828085      0.311182\u000a6\u000aCoordinates from ORCA-job calc E  -6.271255947720\u000a  C       0.656437     -0.022348     -0.011047\u000a  C      -0.658479      0.022639      0.011008\u000a  H       1.203214     -0.907273      0.268738\u000a  H       1.251911      0.824329     -0.310268\u000a  H      -1.202466      0.907920     -0.268974\u000a  H      -1.250615     -0.825266      0.310542\u000a6\u000aCoordinates from ORCA-job calc E  -6.271260264440\u000a  C       0.657316     -0.021942     -0.011208\u000a  C      -0.658041      0.021967      0.011219\u000a  H       1.203937     -0.907613      0.268831\u000a  H       1.252962      0.824881     -0.310481\u000a  H      -1.203516      0.908033     -0.268982\u000a  H      -1.252657     -0.825327      0.310621\u000a6\u000aCoordinates from ORCA-job calc E  -6.271260497620\u000a  C       0.657515     -0.022033     -0.011183\u000a  C      -0.657938      0.022034      0.011194\u000a  H       1.204115     -0.907795      0.268886\u000a  H       1.252990      0.824981     -0.310515\u000a  H      -1.203865      0.908130     -0.269005\u000a  H      -1.252816     -0.825318      0.310622\u000a'));
INSERT INTO TRAJ VALUES(2,unistr('2\u000aCoordinates from ORCA-job calc E  -7.896197819370\u000a  O       0.570474      0.000000      0.000000\u000a  O      -0.570474      0.000000      0.000000\u000a2\u000aCoordinates from ORCA-job calc E  -7.903831687110\u000a  O       0.597943      0.000000      0.000000\u000a  O      -0.597943      0.000000      0.000000\u000a2\u000aCoordinates from ORCA-job calc E  -7.904106942670\u000a  O       0.603502      0.000000      0.000000\u000a  O      -0.603502      0.000000      0.000000\u000a2\u000aCoordinates from ORCA-job calc E  -7.904118303930\u000a  O       0.604845      0.000000      0.000000\u000a  O      -0.604845      0.000000      0.000000\u000a2\u000aCoordinates from ORCA-job calc E  -7.904118325700\u000a  O       0.604906      0.000000      0.000000\u000a  O      -0.604906      0.000000      0.000000\u000a2\u000aCoordinates from ORCA-job calc E  -7.904118325700\u000a  O       0.604906      0.000000      0.000000\u000a  O      -0.604906      0.000000      0.000000\u000a'));
INSERT INTO TRAJ VALUES(3,unistr('15\u000aCoordinates from ORCA-job calc E -19.219643013230\u000a  C      -1.785893     -0.046706     -0.464863\u000a  C      -0.937810     -0.333152      0.759089\u000a  C       0.144316      0.727972      0.807356\u000a  C       0.975441      0.659962     -0.435134\u000a  C       1.722261     -0.581902     -0.780463\u000a  O       0.542355     -0.244043     -1.421873\u000a  H      -2.508157      0.772451     -0.256115\u000a  H      -2.330991     -0.946844     -0.834617\u000a  H      -0.452539     -1.325367      0.599703\u000a  H      -1.495853     -0.266289      1.697996\u000a  H       0.742671      0.679978      1.749723\u000a  H      -0.418872      1.705993      0.774439\u000a  H       1.457019      1.597570     -0.751818\u000a  H       1.746728     -1.360872     -0.002450\u000a  H       2.599325     -0.527081     -1.440972\u000a15\u000aCoordinates from ORCA-job calc E -19.231708952760\u000a  C      -1.874568     -0.097493     -0.407598\u000a  C      -0.977572     -0.336033      0.771809\u000a  C       0.143287      0.721336      0.781048\u000a  C       1.024346      0.665810     -0.449223\u000a  C       1.771431     -0.564076     -0.797273\u000a  O       0.627602     -0.187239     -1.485108\u000a  H      -2.538731      0.757840     -0.289807\u000a  H      -2.405363     -0.972322     -0.773241\u000a  H      -0.534684     -1.331180      0.662932\u000a  H      -1.517513     -0.236956      1.716195\u000a  H       0.733878      0.661574      1.702094\u000a  H      -0.368735      1.698027      0.771723\u000a  H       1.497077      1.605326     -0.734415\u000a  H       1.735978     -1.384663     -0.084857\u000a  H       2.683567     -0.488279     -1.384278\u000a15\u000aCoordinates from ORCA-job calc E -19.236933516930\u000a  C      -1.904283     -0.127999     -0.364836\u000a  C      -0.977108     -0.335195      0.774270\u000a  C       0.138150      0.733250      0.773581\u000a  C       1.034486      0.669742     -0.449142\u000a  C       1.763643     -0.559178     -0.797236\u000a  O       0.641040     -0.147741     -1.507646\u000a  H      -2.526247      0.749360     -0.331893\u000a  H      -2.389306     -0.991498     -0.774978\u000a  H      -0.536900     -1.325850      0.698474\u000a  H      -1.507282     -0.231510      1.726123\u000a  H       0.736742      0.656330      1.679490\u000a  H      -0.346677      1.709518      0.781862\u000a  H       1.496115      1.611197     -0.729535\u000a  H       1.677681     -1.415297     -0.141855\u000a  H       2.699946     -0.483458     -1.336677\u000a15\u000aCoordinates from ORCA-job calc E -19.239735068430\u000a  C      -1.921526     -0.165963     -0.328152\u000a  C      -0.971173     -0.332822      0.784220\u000a  C       0.129372      0.750022      0.773234\u000a  C       1.036350      0.677360     -0.445483\u000a  C       1.739650     -0.555559     -0.802938\u000a  O       0.646048     -0.095036     -1.536988\u000a  H      -2.484089      0.745216     -0.399939\u000a  H      -2.358890     -1.032245     -0.782084\u000a  H      -0.522030     -1.322733      0.749835\u000a  H      -1.494589     -0.223674      1.745740\u000a  H       0.743233      0.658404      1.671091\u000a  H      -0.343028      1.731611      0.794466\u000a  H       1.508465      1.620782     -0.707958\u000a  H       1.591192     -1.451683     -0.215203\u000a  H       2.701016     -0.492007     -1.299840\u000a15\u000aCoordinates from ORCA-job calc E -19.240756959270\u000a  C      -1.911963     -0.201092     -0.313456\u000a  C      -0.965204     -0.328347      0.803547\u000a  C       0.122897      0.761886      0.784136\u000a  C       1.029603      0.684997     -0.434056\u000a  C       1.704255     -0.553453     -0.819251\u000a  O       0.628753     -0.043138     -1.552971\u000a  H      -2.409115      0.733556     -0.485765\u000a  H      -2.309951     -1.075141     -0.787936\u000a  H      -0.508264     -1.317540      0.810948\u000a  H      -1.494891     -0.207396      1.764402\u000a  H       0.747571      0.668392      1.676925\u000a  H      -0.349134      1.744512      0.807860\u000a  H       1.528613      1.623838     -0.670396\u000a  H       1.512963     -1.472708     -0.279536\u000a  H       2.673868     -0.506696     -1.304450\u000a15\u000aCoordinates from ORCA-job calc E -19.241407980070\u000a  C      -1.880528     -0.244016     -0.308711\u000a  C      -0.959539     -0.321662      0.833856\u000a  C       0.118947      0.773232      0.804631\u000a  C       1.020395      0.695059     -0.414811\u000a  C       1.649523     -0.551210     -0.849583\u000a  O       0.593708      0.029745     -1.563728\u000a  H      -2.290824      0.702533     -0.599433\u000a  H      -2.232987     -1.132434     -0.791165\u000a  H      -0.498390     -1.309194      0.894467\u000a  H      -1.509887     -0.178770      1.782051\u000a  H       0.751446      0.687670      1.693884\u000a  H      -0.358122      1.754482      0.823594\u000a  H       1.563347      1.619784     -0.613804\u000a  H       1.413279     -1.486088     -0.355300\u000a  H       2.619634     -0.527463     -1.335945\u000a15\u000aCoordinates from ORCA-job calc E -19.241749444680\u000a  C      -1.836339     -0.288940     -0.310556\u000a  C      -0.953594     -0.314556      0.866292\u000a  C       0.117887      0.784816      0.827531\u000a  C       1.015500      0.706205     -0.391774\u000a  C       1.582586     -0.548633     -0.886948\u000a  O       0.556185      0.118685     -1.569947\u000a  H      -2.159440      0.651830     -0.708757\u000a  H      -2.142291     -1.195582     -0.789995\u000a  H      -0.490221     -1.297939      0.980454\u000a  H      -1.533128     -0.145930      1.792097\u000a  H       0.752117      0.715681      1.716657\u000a  H      -0.368320      1.762604      0.833939\u000a  H       1.612453      1.606374     -0.548155\u000a  H       1.296272     -1.490112     -0.433517\u000a  H       2.550333     -0.552834     -1.377320\u000a15\u000aCoordinates from ORCA-job calc E -19.241866519350\u000a  C      -1.818606     -0.308379     -0.310472\u000a  C      -0.948846     -0.313218      0.878692\u000a  C       0.118023      0.791352      0.834268\u000a  C       1.021283      0.710908     -0.379873\u000a  C       1.552156     -0.549045     -0.904102\u000a  O       0.549144      0.165344     -1.572584\u000a  H      -2.123692      0.625342     -0.738676\u000a  H      -2.104207     -1.221959     -0.789787\u000a  H      -0.480765     -1.292723      1.008688\u000a  H      -1.540053     -0.136381      1.793687\u000a  H       0.746731      0.738899      1.727555\u000a  H      -0.377146      1.764973      0.825194\u000a  H       1.647331      1.594766     -0.513046\u000a  H       1.238229     -1.489210     -0.467486\u000a  H       2.520418     -0.569000     -1.392059\u000a15\u000aCoordinates from ORCA-job calc E -19.241999909620\u000a  C      -1.804921     -0.328558     -0.306390\u000a  C      -0.941345     -0.313737      0.889197\u000a  C       0.117461      0.800249      0.835613\u000a  C       1.038008      0.713894     -0.364779\u000a  C       1.522252     -0.551706     -0.922691\u000a  O       0.557183      0.221847     -1.576813\u000a  H      -2.124557      0.595674     -0.744347\u000a  H      -2.064977     -1.246532     -0.792148\u000a  H      -0.463401     -1.286813      1.027557\u000a  H      -1.541522     -0.130988      1.794286\u000a  H       0.732161      0.776923      1.738587\u000a  H      -0.392114      1.766007      0.797195\u000a  H       1.699566      1.575191     -0.466375\u000a  H       1.171821     -1.488103     -0.508105\u000a  H       2.494385     -0.591677     -1.400785\u000a15\u000aCoordinates from ORCA-job calc E -19.242077858210\u000a  C      -1.792754     -0.346208     -0.302379\u000a  C      -0.935558     -0.312934      0.896677\u000a  C       0.116035      0.808271      0.835121\u000a  C       1.053346      0.713917     -0.351539\u000a  C       1.498563     -0.553203     -0.938375\u000a  O       0.568625      0.269246     -1.580809\u000a  H      -2.137668      0.568332     -0.741024\u000a  H      -2.025233     -1.267274     -0.796085\u000a  H      -0.450770     -1.280058      1.046877\u000a  H      -1.543435     -0.121235      1.793940\u000a  H       0.718186      0.807331      1.746554\u000a  H      -0.402577      1.768055      0.772778\u000a  H       1.742903      1.555547     -0.424978\u000a  H       1.115096     -1.487820     -0.551005\u000a  H       2.475242     -0.610297     -1.405752\u000a15\u000aCoordinates from ORCA-job calc E -19.242150864980\u000a  C      -1.775804     -0.369341     -0.299308\u000a  C      -0.929453     -0.310217      0.904999\u000a  C       0.114256      0.818474      0.834451\u000a  C       1.070576      0.712074     -0.335618\u000a  C       1.469766     -0.553167     -0.957226\u000a  O       0.584550      0.326360     -1.585544\u000a  H      -2.160311      0.531398     -0.733905\u000a  H      -1.968408     -1.294103     -0.803815\u000a  H      -0.438448     -1.269838      1.077271\u000a  H      -1.547694     -0.102936      1.792087\u000a  H       0.702633      0.839886      1.754898\u000a  H      -0.410935      1.772704      0.746774\u000a  H       1.792855      1.528089     -0.374022\u000a  H       1.044577     -1.485209     -0.609925\u000a  H       2.451842     -0.632504     -1.411115\u000a15\u000aCoordinates from ORCA-job calc E -19.242190824850\u000a  C      -1.763172     -0.384632     -0.299853\u000a  C      -0.926066     -0.307296      0.908757\u000a  C       0.113364      0.825685      0.834039\u000a  C       1.080022      0.710197     -0.326294\u000a  C       1.451673     -0.552477     -0.967640\u000a  O       0.595251      0.360911     -1.588523\u000a  H      -2.183777      0.505450     -0.723399\u000a  H      -1.923865     -1.310681     -0.813650\u000a  H      -0.432034     -1.261666      1.099816\u000a  H      -1.551443     -0.087807      1.788762\u000a  H       0.694653      0.856671      1.759180\u000a  H      -0.412983      1.777972      0.733840\u000a  H       1.822460      1.508911     -0.343114\u000a  H       0.999386     -1.481856     -0.648367\u000a  H       2.436532     -0.647712     -1.413552\u000a15\u000aCoordinates from ORCA-job calc E -19.242209882760\u000a  C      -1.758460     -0.387926     -0.303099\u000a  C      -0.925868     -0.305601      0.907923\u000a  C       0.113652      0.827965      0.834288\u000a  C       1.080735      0.709755     -0.325226\u000a  C       1.448207     -0.552730     -0.967911\u000a  O       0.596256      0.365965     -1.589323\u000a  H      -2.199576      0.498656     -0.713229\u000a  H      -1.904488     -1.313108     -0.822824\u000a  H      -0.431726     -1.258467      1.106937\u000a  H      -1.553570     -0.081670      1.785626\u000a  H       0.695122      0.856534      1.759640\u000a  H      -0.410640      1.781348      0.734795\u000a  H       1.827235      1.505083     -0.339213\u000a  H       0.990194     -1.481593     -0.654883\u000a  H       2.432928     -0.652542     -1.413500\u000a15\u000aCoordinates from ORCA-job calc E -19.242219098800\u000a  C      -1.755274     -0.388460     -0.306407\u000a  C      -0.927166     -0.304326      0.907713\u000a  C       0.114535      0.827956      0.835691\u000a  C       1.078475      0.709746     -0.326206\u000a  C       1.447714     -0.552939     -0.967154\u000a  O       0.592862      0.364029     -1.588970\u000a  H      -2.204584      0.497638     -0.708545\u000a  H      -1.892230     -1.312732     -0.829774\u000a  H      -0.434329     -1.256940      1.111872\u000a  H      -1.557019     -0.077628      1.783052\u000a  H       0.698314      0.852131      1.759685\u000a  H      -0.407592      1.782831      0.739661\u000a  H       1.824822      1.505462     -0.342658\u000a  H       0.990397     -1.481706     -0.652678\u000a  H       2.431076     -0.653392     -1.415282\u000a15\u000aCoordinates from ORCA-job calc E -19.242222325270\u000a  C      -1.753982     -0.388124     -0.307920\u000a  C      -0.928270     -0.303833      0.908178\u000a  C       0.115327      0.827251      0.836681\u000a  C       1.076867      0.709665     -0.327103\u000a  C       1.448030     -0.553195     -0.966953\u000a  O       0.590358      0.361721     -1.588444\u000a  H      -2.206264      0.498252     -0.706011\u000a  H      -1.885829     -1.311413     -0.833994\u000a  H      -0.436324     -1.256561      1.114039\u000a  H      -1.559531     -0.075748      1.781761\u000a  H       0.700495      0.849504      1.759661\u000a  H      -0.406005      1.782723      0.742176\u000a  H       1.822392      1.506196     -0.345911\u000a  H       0.992266     -1.481660     -0.649403\u000a  H       2.430471     -0.653110     -1.416755\u000a15\u000aCoordinates from ORCA-job calc E -19.242223537410\u000a  C      -1.753502     -0.388128     -0.308061\u000a  C      -0.928767     -0.303689      0.908890\u000a  C       0.115753      0.826868      0.837076\u000a  C       1.076444      0.709440     -0.327343\u000a  C       1.447823     -0.553473     -0.967377\u000a  O       0.589607      0.361255     -1.588223\u000a  H      -2.208049      0.498040     -0.703912\u000a  H      -1.880992     -1.310324     -0.836900\u000a  H      -0.437069     -1.256385      1.115154\u000a  H      -1.560900     -0.074653      1.781276\u000a  H       0.701201      0.849162      1.759730\u000a  H      -0.405622      1.782317      0.742314\u000a  H       1.821949      1.505980     -0.346832\u000a  H       0.992116     -1.481424     -0.648333\u000a  H       2.430010     -0.653315     -1.417458\u000a15\u000aCoordinates from ORCA-job calc E -19.242224185100\u000a  C      -1.753815     -0.387947     -0.307644\u000a  C      -0.928982     -0.303690      0.909328\u000a  C       0.115947      0.826686      0.837078\u000a  C       1.076392      0.709181     -0.327510\u000a  C       1.447883     -0.553843     -0.967522\u000a  O       0.589514      0.360655     -1.588189\u000a  H      -2.210653      0.497874     -0.701603\u000a  H      -1.877399     -1.308868     -0.839551\u000a  H      -0.437274     -1.256377      1.115213\u000a  H      -1.561327     -0.074123      1.781239\u000a  H       0.701390      0.849284      1.759659\u000a  H      -0.405570      1.782028      0.741907\u000a  H       1.821746      1.505836     -0.347389\u000a  H       0.992041     -1.481417     -0.647605\u000a  H       2.430107     -0.653609     -1.417409\u000a15\u000aCoordinates from ORCA-job calc E -19.242224788350\u000a  C      -1.754356     -0.387900     -0.306924\u000a  C      -0.929153     -0.303632      0.909801\u000a  C       0.116065      0.826656      0.836994\u000a  C       1.076387      0.708851     -0.327639\u000a  C       1.447746     -0.554314     -0.967599\u000a  O       0.589442      0.360082     -1.588236\u000a  H      -2.214056      0.497308     -0.698964\u000a  H      -1.872363     -1.307060     -0.843118\u000a  H      -0.437420     -1.256275      1.115423\u000a  H      -1.561503     -0.073335      1.781387\u000a  H       0.701499      0.849472      1.759564\u000a  H      -0.405486      1.781953      0.741537\u000a  H       1.821651      1.505567     -0.347785\u000a  H       0.991489     -1.481530     -0.647223\u000a  H       2.430060     -0.654171     -1.417216\u000a15\u000aCoordinates from ORCA-job calc E -19.242225268060\u000a  C      -1.755227     -0.387624     -0.306237\u000a  C      -0.929369     -0.303534      0.910014\u000a  C       0.116152      0.826640      0.836862\u000a  C       1.076181      0.708578     -0.327960\u000a  C       1.447900     -0.554827     -0.967214\u000a  O       0.589025      0.358720     -1.588254\u000a  H      -2.217639      0.497046     -0.696428\u000a  H      -1.867598     -1.304848     -0.847012\u000a  H      -0.437718     -1.256235      1.115327\u000a  H      -1.561337     -0.072663      1.781665\u000a  H       0.701790      0.849101      1.759353\u000a  H      -0.405163      1.782093      0.741778\u000a  H       1.820948      1.505733     -0.348806\u000a  H       0.991863     -1.481943     -0.646170\u000a  H       2.430194     -0.654566     -1.416916\u000a15\u000aCoordinates from ORCA-job calc E -19.242225517250\u000a  C      -1.755667     -0.387523     -0.305931\u000a  C      -0.929555     -0.303381      0.910079\u000a  C       0.116212      0.826667      0.836851\u000a  C       1.075922      0.708477     -0.328190\u000a  C       1.447847     -0.555107     -0.966832\u000a  O       0.588416      0.357803     -1.588200\u000a  H      -2.219499      0.496802     -0.695334\u000a  H      -1.864346     -1.303552     -0.849553\u000a  H      -0.438080     -1.256139      1.115550\u000a  H      -1.561193     -0.072106      1.781858\u000a  H       0.702099      0.848564      1.759252\u000a  H      -0.404771      1.782356      0.742392\u000a  H       1.820363      1.505926     -0.349576\u000a  H       0.992274     -1.482336     -0.645406\u000a  H       2.429979     -0.654783     -1.416959\u000a15\u000aCoordinates from ORCA-job calc E -19.242225602060\u000a  C      -1.755827     -0.387344     -0.305981\u000a  C      -0.929682     -0.303299      0.909979\u000a  C       0.116270      0.826625      0.836891\u000a  C       1.075704      0.708519     -0.328375\u000a  C       1.447930     -0.555192     -0.966492\u000a  O       0.587906      0.357116     -1.588084\u000a  H      -2.219902      0.496961     -0.695203\u000a  H      -1.863606     -1.303031     -0.850393\u000a  H      -0.438358     -1.256143      1.115531\u000a  H      -1.561098     -0.071996      1.781920\u000a  H       0.702342      0.848052      1.759208\u000a  H      -0.404493      1.782485      0.742955\u000a  H       1.819845      1.506237     -0.350224\u000a  H       0.993089     -1.482635     -0.644636\u000a  H       2.429882     -0.654685     -1.417096\u000a'));
INSERT INTO TRAJ VALUES(4,unistr('15\u000aCoordinates from ORCA-job calc E -19.221757772270\u000a  C      -2.401297      0.175827      0.325686\u000a  C      -1.071834      0.932706      0.211540\u000a  C      -0.029603     -0.146964      0.074394\u000a  C       1.352566      0.392408     -0.051330\u000a  C       2.491592     -0.527906     -0.194184\u000a  O       1.891591      0.022175     -1.379551\u000a  H      -3.250197      0.876523      0.293971\u000a  H      -2.476569     -0.624255     -0.432228\u000a  H      -2.376630     -0.346718      1.307048\u000a  H      -1.080761      1.615426     -0.663983\u000a  H      -0.070841     -0.717123      1.036609\u000a  H      -0.333004     -0.867012     -0.706648\u000a  H       1.555626      1.448312      0.213667\u000a  H       3.524469     -0.140915     -0.085702\u000a  H       2.274891     -1.580814      0.050711\u000a15\u000aCoordinates from ORCA-job calc E -19.237381384590\u000a  C      -2.465951      0.212135      0.343804\u000a  C      -1.093524      0.839366      0.166757\u000a  C      -0.005742     -0.205147      0.071562\u000a  C       1.371154      0.379412     -0.069301\u000a  C       2.539735     -0.498433     -0.199175\u000a  O       1.949058      0.050700     -1.361412\u000a  H      -3.244698      0.971046      0.318227\u000a  H      -2.644958     -0.568974     -0.397876\u000a  H      -2.483348     -0.281893      1.322922\u000a  H      -1.076429      1.546106     -0.664328\u000a  H      -0.036828     -0.771948      1.024278\u000a  H      -0.249390     -0.931634     -0.709861\u000a  H       1.530512      1.418030      0.214476\u000a  H       3.537247     -0.090995     -0.048682\u000a  H       2.373161     -1.556101     -0.011393\u000a15\u000aCoordinates from ORCA-job calc E -19.245190670970\u000a  C      -2.477170      0.234077      0.354881\u000a  C      -1.103370      0.770081      0.130868\u000a  C      -0.003390     -0.245624      0.085939\u000a  C       1.364088      0.371399     -0.091398\u000a  C       2.551879     -0.476240     -0.212760\u000a  O       1.964169      0.087335     -1.346771\u000a  H      -3.210784      1.029304      0.312371\u000a  H      -2.719194     -0.535963     -0.378285\u000a  H      -2.531848     -0.230304      1.340239\u000a  H      -1.055396      1.495131     -0.669459\u000a  H      -0.024324     -0.802518      1.035374\u000a  H      -0.202123     -0.979255     -0.700248\u000a  H       1.493026      1.396136      0.226664\u000a  H       3.527518     -0.059390     -0.006426\u000a  H       2.426918     -1.542498     -0.080989\u000a15\u000aCoordinates from ORCA-job calc E -19.249464902980\u000a  C      -2.488609      0.249998      0.366068\u000a  C      -1.112159      0.708749      0.073077\u000a  C       0.000418     -0.279545      0.099617\u000a  C       1.354421      0.367019     -0.120526\u000a  C       2.558257     -0.458719     -0.229477\u000a  O       1.979652      0.135580     -1.346390\u000a  H      -3.189000      1.079300      0.319243\u000a  H      -2.807290     -0.511027     -0.355106\u000a  H      -2.555641     -0.193484      1.360735\u000a  H      -1.027701      1.463427     -0.696862\u000a  H      -0.008327     -0.813950      1.057264\u000a  H      -0.148177     -1.034259     -0.685437\u000a  H       1.460500      1.378317      0.256607\u000a  H       3.517207     -0.043833      0.058953\u000a  H       2.466449     -1.535902     -0.157766\u000a15\u000aCoordinates from ORCA-job calc E -19.250658612840\u000a  C      -2.492420      0.256585      0.369834\u000a  C      -1.119560      0.681960      0.020831\u000a  C      -0.000823     -0.291475      0.099901\u000a  C       1.348381      0.364333     -0.128379\u000a  C       2.561480     -0.451621     -0.233590\u000a  O       1.988990      0.163021     -1.347327\u000a  H      -3.178229      1.101377      0.343618\u000a  H      -2.864617     -0.494920     -0.339683\u000a  H      -2.536383     -0.189989      1.364512\u000a  H      -1.019323      1.453837     -0.728550\u000a  H      -0.009661     -0.802254      1.068699\u000a  H      -0.118709     -1.069063     -0.673363\u000a  H       1.444299      1.367063      0.283670\u000a  H       3.512006     -0.044407      0.095786\u000a  H       2.484568     -1.532778     -0.195961\u000a15\u000aCoordinates from ORCA-job calc E -19.251375073490\u000a  C      -2.492291      0.262732      0.370599\u000a  C      -1.128502      0.658446     -0.039512\u000a  C      -0.005574     -0.301046      0.093275\u000a  C       1.342906      0.359236     -0.122642\u000a  C       2.565061     -0.444688     -0.232507\u000a  O       1.994933      0.188416     -1.341444\u000a  H      -3.161421      1.121906      0.379941\u000a  H      -2.920748     -0.474767     -0.323637\u000a  H      -2.496298     -0.196664      1.360220\u000a  H      -1.018566      1.444616     -0.768942\u000a  H      -0.024580     -0.783893      1.075843\u000a  H      -0.094557     -1.104908     -0.659396\u000a  H       1.429254      1.354198      0.314172\u000a  H       3.510405     -0.044281      0.119280\u000a  H       2.499977     -1.527633     -0.225250\u000a15\u000aCoordinates from ORCA-job calc E -19.251803090920\u000a  C      -2.489990      0.269392      0.368717\u000a  C      -1.136438      0.631816     -0.099334\u000a  C      -0.010126     -0.313010      0.086117\u000a  C       1.338105      0.352736     -0.106204\u000a  C       2.567458     -0.436039     -0.232271\u000a  O       1.995072      0.218382     -1.329598\u000a  H      -3.136359      1.144370      0.414841\u000a  H      -2.972821     -0.451575     -0.307216\u000a  H      -2.453526     -0.202873      1.351424\u000a  H      -1.018925      1.426923     -0.814343\u000a  H      -0.047454     -0.765913      1.083212\u000a  H      -0.072336     -1.142116     -0.640926\u000a  H       1.416364      1.339151      0.351030\u000a  H       3.510678     -0.040221      0.128489\u000a  H       2.510296     -1.519354     -0.253939\u000a15\u000aCoordinates from ORCA-job calc E -19.251994228790\u000a  C      -2.488957      0.275928      0.365024\u000a  C      -1.140675      0.604543     -0.141068\u000a  C      -0.010870     -0.326725      0.086139\u000a  C       1.335121      0.347405     -0.085743\u000a  C       2.568425     -0.427203     -0.237961\u000a  O       1.988395      0.250730     -1.316494\u000a  H      -3.111910      1.166132      0.430876\u000a  H      -3.010113     -0.431783     -0.295484\u000a  H      -2.430785     -0.199446      1.345005\u000a  H      -1.016108      1.400019     -0.852922\u000a  H      -0.066802     -0.755196      1.093999\u000a  H      -0.051973     -1.173347     -0.619857\u000a  H       1.409242      1.324325      0.390736\u000a  H       3.511915     -0.033846      0.123420\u000a  H       2.515095     -1.509865     -0.285672\u000a15\u000aCoordinates from ORCA-job calc E -19.252095535080\u000a  C      -2.489640      0.282751      0.360575\u000a  C      -1.142055      0.577286     -0.167835\u000a  C      -0.008565     -0.341241      0.093248\u000a  C       1.333314      0.343596     -0.064008\u000a  C       2.568610     -0.418589     -0.249185\u000a  O       1.976731      0.285018     -1.303379\u000a  H      -3.090699      1.187541      0.430007\u000a  H      -3.036355     -0.415925     -0.287696\u000a  H      -2.426005     -0.186141      1.343118\u000a  H      -1.010542      1.365392     -0.886394\u000a  H      -0.080614     -0.751062      1.108136\u000a  H      -0.031510     -1.199247     -0.597834\u000a  H       1.406491      1.309253      0.433908\u000a  H       3.513300     -0.027204      0.110548\u000a  H       2.517537     -1.499758     -0.323210\u000a15\u000aCoordinates from ORCA-job calc E -19.252160254840\u000a  C      -2.490748      0.290548      0.356429\u000a  C      -1.141668      0.550124     -0.186044\u000a  C      -0.004868     -0.356213      0.104485\u000a  C       1.331797      0.340854     -0.041251\u000a  C       2.568052     -0.409804     -0.263764\u000a  O       1.961742      0.321608     -1.289299\u000a  H      -3.071144      1.209466      0.418415\u000a  H      -3.056105     -0.402838     -0.280522\u000a  H      -2.430885     -0.164541      1.345464\u000a  H      -1.004180      1.322933     -0.920442\u000a  H      -0.090975     -0.752547      1.123385\u000a  H      -0.010198     -1.221304     -0.577043\u000a  H       1.405959      1.292782      0.481494\u000a  H       3.514014     -0.020900      0.095213\u000a  H       2.519204     -1.488498     -0.366521\u000a15\u000aCoordinates from ORCA-job calc E -19.252197050690\u000a  C      -2.490740      0.298076      0.354884\u000a  C      -1.140745      0.529840     -0.197346\u000a  C      -0.002217     -0.367977      0.113218\u000a  C       1.330299      0.339254     -0.023100\u000a  C       2.567145     -0.402580     -0.275366\u000a  O       1.949462      0.351875     -1.276675\u000a  H      -3.056097      1.227362      0.405427\u000a  H      -3.068595     -0.394368     -0.271473\u000a  H      -2.435975     -0.141633      1.351000\u000a  H      -1.001120      1.282609     -0.952526\u000a  H      -0.098150     -0.758780      1.132807\u000a  H       0.006801     -1.235256     -0.565485\u000a  H       1.405441      1.278307      0.521914\u000a  H       3.513555     -0.016581      0.085843\u000a  H       2.520936     -1.478477     -0.403121\u000a15\u000aCoordinates from ORCA-job calc E -19.252228055240\u000a  C      -2.488830      0.307037      0.356317\u000a  C      -1.140178      0.512173     -0.209003\u000a  C      -0.001185     -0.379181      0.117621\u000a  C       1.328074      0.337584     -0.006514\u000a  C       2.566237     -0.395120     -0.283653\u000a  O       1.939937      0.381148     -1.262733\u000a  H      -3.040975      1.245231      0.394425\u000a  H      -3.079819     -0.386861     -0.256140\u000a  H      -2.435604     -0.115709      1.359688\u000a  H      -1.002553      1.237889     -0.991119\u000a  H      -0.106052     -0.769733      1.135703\u000a  H       0.022318     -1.245448     -0.562490\u000a  H       1.402471      1.263059      0.561178\u000a  H       3.512027     -0.012736      0.083425\u000a  H       2.524131     -1.467664     -0.436703\u000a15\u000aCoordinates from ORCA-job calc E -19.252263459480\u000a  C      -2.483592      0.320499      0.361660\u000a  C      -1.140626      0.491292     -0.227412\u000a  C      -0.002279     -0.393876      0.116056\u000a  C       1.323807      0.334328      0.012330\u000a  C       2.565500     -0.384586     -0.288812\u000a  O       1.932149      0.416854     -1.243145\u000a  H      -3.019652      1.268915      0.386013\u000a  H      -3.095077     -0.375688     -0.228108\u000a  H      -2.424749     -0.080734      1.373301\u000a  H      -1.010673      1.176005     -1.047333\u000a  H      -0.118484     -0.788575      1.130405\u000a  H       0.040253     -1.255985     -0.568989\u000a  H       1.393522      1.242400      0.608005\u000a  H       3.508966     -0.006939      0.089525\u000a  H       2.530936     -1.452239     -0.473498\u000a15\u000aCoordinates from ORCA-job calc E -19.252297044260\u000a  C      -2.475046      0.336404      0.370357\u000a  C      -1.143012      0.469643     -0.251665\u000a  C      -0.005928     -0.410512      0.106063\u000a  C       1.317337      0.329085      0.028438\u000a  C       2.565535     -0.372212     -0.287680\u000a  O       1.928940      0.450888     -1.221695\u000a  H      -2.993793      1.295018      0.385062\u000a  H      -3.113184     -0.359910     -0.190888\u000a  H      -2.401246     -0.044650      1.388543\u000a  H      -1.025861      1.109032     -1.109346\u000a  H      -0.133988     -0.812237      1.115473\u000a  H       0.056844     -1.266207     -0.585604\u000a  H       1.376972      1.220287      0.650288\u000a  H       3.504685      0.001491      0.105424\u000a  H       2.541742     -1.434450     -0.502769\u000a15\u000aCoordinates from ORCA-job calc E -19.252325885970\u000a  C      -2.465294      0.350757      0.380196\u000a  C      -1.147473      0.450001     -0.277076\u000a  C      -0.010957     -0.426348      0.089648\u000a  C       1.309706      0.322864      0.037337\u000a  C       2.566525     -0.360611     -0.280174\u000a  O       1.931065      0.474786     -1.204294\u000a  H      -2.967592      1.318385      0.392921\u000a  H      -3.131190     -0.341464     -0.153508\u000a  H      -2.370812     -0.017165      1.401271\u000a  H      -1.044038      1.054895     -1.160923\u000a  H      -0.148592     -0.835001      1.094666\u000a  H       0.068818     -1.275425     -0.607833\u000a  H       1.355227      1.202822      0.676485\u000a  H       3.499923      0.011945      0.127533\u000a  H       2.554684     -1.418771     -0.516249\u000a15\u000aCoordinates from ORCA-job calc E -19.252350348480\u000a  C      -2.455020      0.364398      0.390212\u000a  C      -1.153616      0.427773     -0.303060\u000a  C      -0.015933     -0.443854      0.070198\u000a  C       1.300739      0.315808      0.042155\u000a  C       2.567848     -0.348556     -0.269637\u000a  O       1.934789      0.493313     -1.189503\u000a  H      -2.938040      1.341973      0.404910\u000a  H      -3.150283     -0.318839     -0.116841\u000a  H      -2.338520      0.005826      1.412123\u000a  H      -1.062459      1.008520     -1.203981\u000a  H      -0.161707     -0.858687      1.071394\u000a  H       0.079653     -1.286217     -0.632289\u000a  H       1.329340      1.188037      0.693121\u000a  H       3.494196      0.025710      0.152165\u000a  H       2.569012     -1.403535     -0.520967\u000a15\u000aCoordinates from ORCA-job calc E -19.252379273300\u000a  C      -2.439742      0.384753      0.402825\u000a  C      -1.162788      0.390474     -0.337025\u000a  C      -0.021410     -0.472113      0.045025\u000a  C       1.286534      0.305489      0.049949\u000a  C       2.568449     -0.329813     -0.256722\u000a  O       1.935068      0.520906     -1.167987\u000a  H      -2.890067      1.378193      0.416449\u000a  H      -3.176035     -0.281472     -0.067079\u000a  H      -2.297125      0.040802      1.426164\u000a  H      -1.087254      0.940088     -1.258494\u000a  H      -0.177569     -0.896610      1.040269\u000a  H       0.097592     -1.303595     -0.665254\u000a  H       1.291315      1.165545      0.717861\u000a  H       3.484154      0.048402      0.184101\u000a  H       2.588876     -1.379381     -0.530080\u000a15\u000aCoordinates from ORCA-job calc E -19.252457428140\u000a  C      -2.395493      0.435232      0.428524\u000a  C      -1.187453      0.294238     -0.406986\u000a  C      -0.032988     -0.543565     -0.011459\u000a  C       1.247357      0.280371      0.068740\u000a  C       2.563462     -0.282482     -0.227088\u000a  O       1.921847      0.586190     -1.115090\u000a  H      -2.759531      1.464458      0.427604\u000a  H      -3.221882     -0.179324      0.047982\u000a  H      -2.198218      0.126115      1.453327\u000a  H      -1.151854      0.771654     -1.370008\u000a  H      -0.206887     -0.997431      0.966958\u000a  H       0.141353     -1.342789     -0.743523\u000a  H       1.195531      1.107982      0.775228\u000a  H       3.451922      0.106834      0.257159\u000a  H       2.632834     -1.315815     -0.551369\u000a15\u000aCoordinates from ORCA-job calc E -19.252564070790\u000a  C      -2.339456      0.482910      0.452923\u000a  C      -1.220368      0.194103     -0.464479\u000a  C      -0.044548     -0.615511     -0.074638\u000a  C       1.200634      0.256151      0.076436\u000a  C       2.550364     -0.235334     -0.187385\u000a  O       1.903665      0.636143     -1.068703\u000a  H      -2.611702      1.540778      0.430130\u000a  H      -3.244087     -0.065885      0.163614\u000a  H      -2.086982      0.202944      1.473598\u000a  H      -1.228091      0.620410     -1.451803\u000a  H      -0.222385     -1.108176      0.883852\u000a  H       0.178235     -1.371915     -0.834341\u000a  H       1.087083      1.057785      0.805971\u000a  H       3.405846      0.170414      0.340100\u000a  H       2.671789     -1.253148     -0.545276\u000a15\u000aCoordinates from ORCA-job calc E -19.252631537750\u000a  C      -2.297707      0.508857      0.470575\u000a  C      -1.247173      0.129871     -0.494979\u000a  C      -0.050957     -0.657890     -0.122283\u000a  C       1.166922      0.245233      0.071090\u000a  C       2.536939     -0.208360     -0.152523\u000a  O       1.896472      0.653694     -1.047747\u000a  H      -2.510045      1.580389      0.432221\u000a  H      -3.244274      0.006799      0.240544\u000a  H      -2.007685      0.243687      1.485193\u000a  H      -1.284767      0.540281     -1.489005\u000a  H      -0.221544     -1.182409      0.821013\u000a  H       0.196142     -1.379864     -0.904833\u000a  H       1.010866      1.038950      0.801592\u000a  H       3.365741      0.212725      0.404085\u000a  H       2.691071     -1.220291     -0.514942\u000a15\u000aCoordinates from ORCA-job calc E -19.252647535150\u000a  C      -2.239444      0.554793      0.472018\u000a  C      -1.270273      0.046019     -0.518821\u000a  C      -0.057782     -0.718047     -0.150901\u000a  C       1.125350      0.219249      0.103214\u000a  C       2.513146     -0.164086     -0.139241\u000a  O       1.840759      0.723893     -0.984532\u000a  H      -2.369751      1.637524      0.387959\u000a  H      -3.232619      0.122527      0.307669\u000a  H      -1.922226      0.316632      1.484663\u000a  H      -1.355592      0.378517     -1.538957\u000a  H      -0.227363     -1.279192      0.770270\u000a  H       0.229992     -1.397087     -0.956187\u000a  H       0.934053      0.961055      0.878551\u000a  H       3.323181      0.255273      0.445505\u000a  H       2.708569     -1.145403     -0.561210\u000a15\u000aCoordinates from ORCA-job calc E -19.252490508010\u000a  C      -2.234425      0.541764      0.504179\u000a  C      -1.287665      0.031473     -0.516861\u000a  C      -0.037165     -0.697478     -0.191236\u000a  C       1.112585      0.269394      0.057704\u000a  C       2.502522     -0.187931     -0.097500\u000a  O       1.890087      0.651534     -1.036560\u000a  H      -2.323900      1.629480      0.440456\u000a  H      -3.231295      0.126005      0.331380\u000a  H      -1.926459      0.284304      1.515916\u000a  H      -1.412122      0.387983     -1.530534\u000a  H      -0.169393     -1.310235      0.704695\u000a  H       0.237743     -1.342337     -1.033860\u000a  H       0.913163      1.057345      0.778501\u000a  H       3.276514      0.270490      0.506617\u000a  H       2.689808     -1.200120     -0.432898\u000a15\u000aCoordinates from ORCA-job calc E -19.252906986380\u000a  C      -2.233636      0.545353      0.488922\u000a  C      -1.282121      0.041845     -0.523506\u000a  C      -0.051102     -0.702307     -0.173677\u000a  C       1.118643      0.248865      0.075980\u000a  C       2.508206     -0.177046     -0.114286\u000a  O       1.869930      0.681281     -1.017028\u000a  H      -2.335606      1.632817      0.430329\u000a  H      -3.233907      0.133251      0.318345\u000a  H      -1.921660      0.277174      1.496146\u000a  H      -1.394307      0.379343     -1.539933\u000a  H      -0.200645     -1.287754      0.737456\u000a  H       0.232643     -1.368376     -0.992798\u000a  H       0.920361      1.020037      0.818317\u000a  H       3.299708      0.264565      0.480187\u000a  H       2.703493     -1.177380     -0.484453\u000a15\u000aCoordinates from ORCA-job calc E -19.252958553200\u000a  C      -2.228296      0.548716      0.483468\u000a  C      -1.281859      0.034909     -0.527645\u000a  C      -0.053196     -0.706439     -0.167099\u000a  C       1.116383      0.245749      0.086373\u000a  C       2.505637     -0.170488     -0.121478\u000a  O       1.854861      0.695172     -1.008153\u000a  H      -2.309337      1.638820      0.434350\u000a  H      -3.237130      0.160359      0.306279\u000a  H      -1.926106      0.263123      1.488802\u000a  H      -1.397648      0.355895     -1.548263\u000a  H      -0.206732     -1.287079      0.746943\u000a  H       0.237919     -1.377836     -0.978700\u000a  H       0.919430      1.006929      0.839420\u000a  H       3.300794      0.269034      0.469999\u000a  H       2.705280     -1.165193     -0.504296\u000a15\u000aCoordinates from ORCA-job calc E -19.253013549230\u000a  C      -2.197850      0.561219      0.481782\u000a  C      -1.296209     -0.006686     -0.540934\u000a  C      -0.057936     -0.727926     -0.176845\u000a  C       1.095899      0.240986      0.096171\u000a  C       2.491580     -0.148833     -0.115926\u000a  O       1.826823      0.717858     -0.991296\u000a  H      -2.202843      1.655898      0.447861\u000a  H      -3.233228      0.250308      0.307804\u000a  H      -1.909540      0.240590      1.480506\u000a  H      -1.434714      0.284452     -1.566929\u000a  H      -0.206537     -1.316269      0.734396\u000a  H       0.251304     -1.390975     -0.986997\u000a  H       0.882865      0.987295      0.859506\u000a  H       3.278498      0.298148      0.481461\u000a  H       2.711886     -1.134394     -0.510560\u000a15\u000aCoordinates from ORCA-job calc E -19.253044025040\u000a  C      -2.200379      0.554903      0.480731\u000a  C      -1.295618     -0.009411     -0.541892\u000a  C      -0.056018     -0.723671     -0.168745\u000a  C       1.097300      0.248548      0.094778\u000a  C       2.490806     -0.147347     -0.122112\u000a  O       1.823027      0.712662     -1.001525\u000a  H      -2.166002      1.650127      0.486361\u000a  H      -3.241471      0.287852      0.274300\u000a  H      -1.945165      0.191111      1.473759\u000a  H      -1.435157      0.278058     -1.568903\u000a  H      -0.204159     -1.303511      0.748610\u000a  H       0.254764     -1.398081     -0.969523\u000a  H       0.887881      1.000229      0.853119\u000a  H       3.279689      0.306903      0.467648\u000a  H       2.710502     -1.136702     -0.506605\u000a15\u000aCoordinates from ORCA-job calc E -19.253077012720\u000a  C      -2.186046      0.557960      0.482734\u000a  C      -1.305282     -0.037433     -0.543953\u000a  C      -0.055764     -0.735845     -0.173328\u000a  C       1.085267      0.250516      0.092348\u000a  C       2.482949     -0.133980     -0.118300\u000a  O       1.810908      0.716674     -1.003212\u000a  H      -2.082219      1.649011      0.518571\u000a  H      -3.237724      0.362816      0.256252\u000a  H      -1.964676      0.157537      1.469889\u000a  H      -1.457107      0.238428     -1.572688\u000a  H      -0.195842     -1.318901      0.743547\u000a  H       0.262073     -1.405364     -0.975263\u000a  H       0.864938      1.002064      0.847264\u000a  H       3.264558      0.331126      0.472891\u000a  H       2.713965     -1.122939     -0.496753\u000a15\u000aCoordinates from ORCA-job calc E -19.253121650110\u000a  C      -2.193044      0.547519      0.486050\u000a  C      -1.307047     -0.045063     -0.538140\u000a  C      -0.052168     -0.734224     -0.165765\u000a  C       1.086262      0.259465      0.077859\u000a  C       2.484246     -0.129676     -0.121689\u000a  O       1.814606      0.701028     -1.026461\u000a  H      -2.027962      1.627765      0.586070\u000a  H      -3.242054      0.424617      0.209419\u000a  H      -2.028701      0.091271      1.460472\u000a  H      -1.453916      0.239092     -1.565774\u000a  H      -0.186021     -1.304863      0.759443\u000a  H       0.261836     -1.413642     -0.961417\u000a  H       0.864080      1.027259      0.815411\u000a  H       3.264464      0.348504      0.460887\u000a  H       2.715418     -1.127382     -0.476366\u000a15\u000aCoordinates from ORCA-job calc E -19.253149229010\u000a  C      -2.209328      0.536078      0.486102\u000a  C      -1.302510     -0.038200     -0.529718\u000a  C      -0.049145     -0.727745     -0.151263\u000a  C       1.094526      0.264642      0.066830\u000a  C       2.490881     -0.130586     -0.130718\u000a  O       1.820418      0.686410     -1.047014\u000a  H      -2.018793      1.606509      0.638242\u000a  H      -3.249361      0.452277      0.167370\u000a  H      -2.088441      0.040067      1.447704\u000a  H      -1.433547      0.259865     -1.555693\u000a  H      -0.182336     -1.280822      0.783836\u000a  H       0.257545     -1.421131     -0.938071\u000a  H       0.877961      1.046392      0.791710\u000a  H       3.275725      0.353020      0.440827\u000a  H       2.716404     -1.135107     -0.470146\u000a15\u000aCoordinates from ORCA-job calc E -19.253158452950\u000a  C      -2.219011      0.530275      0.483726\u000a  C      -1.298891     -0.034599     -0.524719\u000a  C      -0.048062     -0.724645     -0.138925\u000a  C       1.099676      0.265958      0.064150\u000a  C       2.494893     -0.130045     -0.139361\u000a  O       1.818717      0.681869     -1.056227\u000a  H      -2.014334      1.593640      0.666330\u000a  H      -3.252695      0.470966      0.140602\u000a  H      -2.126642      0.010102      1.435816\u000a  H      -1.417258      0.270321     -1.550099\u000a  H      -0.182310     -1.265438      0.802803\u000a  H       0.255487     -1.427894     -0.918228\u000a  H       0.888934      1.052798      0.785743\u000a  H       3.284448      0.354791      0.424369\u000a  H       2.717045     -1.136427     -0.475978\u000a15\u000aCoordinates from ORCA-job calc E -19.253161154300\u000a  C      -2.223669      0.527711      0.482206\u000a  C      -1.296917     -0.032179     -0.522764\u000a  C      -0.047770     -0.722631     -0.132468\u000a  C       1.102350      0.266585      0.063856\u000a  C       2.496831     -0.130216     -0.143883\u000a  O       1.817181      0.680158     -1.059939\u000a  H      -2.014735      1.588019      0.677428\u000a  H      -3.254522      0.477250      0.129276\u000a  H      -2.143712     -0.003265      1.429539\u000a  H      -1.408112      0.275999     -1.547955\u000a  H      -0.182784     -1.257700      0.812304\u000a  H       0.254403     -1.430942     -0.907791\u000a  H       0.895667      1.055331      0.784788\u000a  H       3.289029      0.354674      0.415911\u000a  H       2.716761     -1.137124     -0.480507\u000a15\u000aCoordinates from ORCA-job calc E -19.253162000380\u000a  C      -2.224240      0.527320      0.481759\u000a  C      -1.296831     -0.032784     -0.522520\u000a  C      -0.047800     -0.722516     -0.130545\u000a  C       1.102470      0.266936      0.063992\u000a  C       2.496931     -0.129659     -0.145093\u000a  O       1.815718      0.679957     -1.060921\u000a  H      -2.011093      1.585838      0.681744\u000a  H      -3.254323      0.482490      0.125827\u000a  H      -2.150042     -0.008354      1.426955\u000a  H      -1.405676      0.275544     -1.547940\u000a  H      -0.182624     -1.256235      0.815013\u000a  H       0.254407     -1.432190     -0.904669\u000a  H       0.897073      1.056139      0.784826\u000a  H       3.289588      0.355754      0.413499\u000a  H       2.716440     -1.136569     -0.481927\u000a15\u000aCoordinates from ORCA-job calc E -19.253162246590\u000a  C      -2.224065      0.527314      0.482007\u000a  C      -1.297085     -0.032773     -0.522732\u000a  C      -0.047851     -0.722307     -0.130827\u000a  C       1.102287      0.267277      0.063673\u000a  C       2.496801     -0.129762     -0.144672\u000a  O       1.815977      0.679397     -1.061272\u000a  H      -2.010482      1.585607      0.682257\u000a  H      -3.254301      0.482627      0.126460\u000a  H      -2.150006     -0.008957      1.426896\u000a  H      -1.405527      0.275420     -1.548255\u000a  H      -0.182354     -1.256374      0.814591\u000a  H       0.254276     -1.431892     -0.905105\u000a  H       0.897074      1.056955      0.784003\u000a  H       3.289196      0.356029      0.413918\u000a  H       2.716058     -1.136891     -0.480941\u000a'));
INSERT INTO TRAJ VALUES(5,unistr('15\u000aCoordinates from ORCA-job calc E -19.214035562300\u000a  C      -2.418695      0.226699      0.050103\u000a  C      -1.082677     -0.468718      0.129857\u000a  C       0.078806      0.517084     -0.034556\u000a  C       1.350596     -0.322713      0.066254\u000a  C       2.628887      0.340568     -0.052947\u000a  O       2.056154     -0.569490     -1.099718\u000a  H      -3.064736     -0.270422     -0.699056\u000a  H      -2.929395      0.173955      1.033199\u000a  H      -2.295649      1.295633     -0.170163\u000a  H      -0.965199     -0.971279      1.130664\u000a  H      -1.021866     -1.276091     -0.624914\u000a  H       0.080638      1.234298      0.809953\u000a  H       1.270601     -1.092701      0.860467\u000a  H       2.796570      1.288371     -0.589629\u000a  H       3.515965     -0.105193      0.419827\u000a15\u000aCoordinates from ORCA-job calc E -19.229493657760\u000a  C      -2.438838      0.252322      0.035920\u000a  C      -1.112990     -0.497484      0.163012\u000a  C       0.086354      0.420894      0.047211\u000a  C       1.397037     -0.343903      0.098942\u000a  C       2.654830      0.360563     -0.093423\u000a  O       2.085336     -0.573032     -1.076442\u000a  H      -3.068652     -0.199583     -0.729671\u000a  H      -2.991912      0.221801      0.979893\u000a  H      -2.272961      1.303849     -0.187460\u000a  H      -1.052778     -0.998786      1.146061\u000a  H      -1.048658     -1.287585     -0.592077\u000a  H       0.076999      1.187582      0.824128\u000a  H       1.380010     -1.132326      0.861918\u000a  H       2.739299      1.316603     -0.597073\u000a  H       3.566922     -0.030915      0.348402\u000a15\u000aCoordinates from ORCA-job calc E -19.238088435560\u000a  C      -2.428814      0.270241      0.029796\u000a  C      -1.119686     -0.518979      0.188439\u000a  C       0.088764      0.350486      0.108939\u000a  C       1.406371     -0.354832      0.122299\u000a  C       2.649835      0.366742     -0.134704\u000a  O       2.093014     -0.579558     -1.056438\u000a  H      -3.045088     -0.149780     -0.754882\u000a  H      -3.009949      0.254494      0.948378\u000a  H      -2.224426      1.310462     -0.200274\u000a  H      -1.103966     -1.021635      1.162050\u000a  H      -1.052516     -1.294222     -0.575358\u000a  H       0.070208      1.167045      0.819831\u000a  H       1.435168     -1.165469      0.856834\u000a  H       2.666530      1.342027     -0.592287\u000a  H       3.574558      0.022978      0.306719\u000a15\u000aCoordinates from ORCA-job calc E -19.244117629950\u000a  C      -2.413978      0.286114      0.024199\u000a  C      -1.128046     -0.540673      0.219585\u000a  C       0.096489      0.289621      0.183110\u000a  C       1.416467     -0.364789      0.146003\u000a  C       2.643651      0.361889     -0.189040\u000a  O       2.091754     -0.586409     -1.053262\u000a  H      -3.013113     -0.109463     -0.787558\u000a  H      -3.026057      0.286795      0.920303\u000a  H      -2.167243      1.315798     -0.215671\u000a  H      -1.172219     -1.052973      1.188913\u000a  H      -1.056457     -1.308065     -0.553204\u000a  H       0.067676      1.185159      0.789669\u000a  H       1.500252     -1.208681      0.842637\u000a  H       2.579427      1.378140     -0.549618\u000a  H       3.581400      0.067538      0.263274\u000a15\u000aCoordinates from ORCA-job calc E -19.246100108870\u000a  C      -2.405093      0.288297      0.021747\u000a  C      -1.130792     -0.546815      0.242452\u000a  C       0.101026      0.273154      0.222994\u000a  C       1.417711     -0.369715      0.151202\u000a  C       2.641618      0.356186     -0.204914\u000a  O       2.076095     -0.564361     -1.076017\u000a  H      -2.998402     -0.116790     -0.792695\u000a  H      -3.025881      0.310204      0.912323\u000a  H      -2.144451      1.310296     -0.240678\u000a  H      -1.206289     -1.061168      1.212126\u000a  H      -1.051136     -1.321355     -0.524138\u000a  H       0.066628      1.224529      0.735885\u000a  H       1.523300     -1.248222      0.803696\u000a  H       2.551743      1.400715     -0.481153\u000a  H       3.583924      0.065046      0.246511\u000a15\u000aCoordinates from ORCA-job calc E -19.247941613580\u000a  C      -2.398089      0.282467      0.020577\u000a  C      -1.129775     -0.546572      0.274805\u000a  C       0.104201      0.269966      0.253321\u000a  C       1.410234     -0.374725      0.140991\u000a  C       2.642514      0.352594     -0.190199\u000a  O       2.053444     -0.488812     -1.119879\u000a  H      -2.997516     -0.163950     -0.769796\u000a  H      -3.012383      0.352861      0.914109\u000a  H      -2.135495      1.288402     -0.298804\u000a  H      -1.226037     -1.049604      1.251428\u000a  H      -1.037582     -1.342620     -0.469739\u000a  H       0.064794      1.279737      0.631132\u000a  H       1.517901     -1.310004      0.707496\u000a  H       2.559255      1.423253     -0.358579\u000a  H       3.584534      0.027008      0.242478\u000a15\u000aCoordinates from ORCA-job calc E -19.250161891980\u000a  C      -2.395294      0.265349      0.022436\u000a  C      -1.121515     -0.534618      0.316559\u000a  C       0.108573      0.287283      0.271057\u000a  C       1.391590     -0.372641      0.111820\u000a  C       2.650593      0.343510     -0.140326\u000a  O       2.031021     -0.338696     -1.176357\u000a  H      -3.018748     -0.262561     -0.697579\u000a  H      -2.978873      0.426278      0.925791\u000a  H      -2.149754      1.234499     -0.406210\u000a  H      -1.224413     -1.012128      1.307458\u000a  H      -1.007724     -1.368925     -0.384073\u000a  H       0.050253      1.343952      0.459296\u000a  H       1.471127     -1.382603      0.526022\u000a  H       2.611000      1.431759     -0.156361\u000a  H       3.582164     -0.060455      0.249809\u000a15\u000aCoordinates from ORCA-job calc E -19.251899895670\u000a  C      -2.399752      0.246457      0.031234\u000a  C      -1.115432     -0.523039      0.344549\u000a  C       0.111035      0.305678      0.255901\u000a  C       1.374230     -0.366777      0.066606\u000a  C       2.661392      0.332669     -0.071374\u000a  O       2.046655     -0.172955     -1.207786\u000a  H      -3.066661     -0.361609     -0.577990\u000a  H      -2.926205      0.522059      0.942292\u000a  H      -2.181376      1.155135     -0.524907\u000a  H      -1.204461     -0.968767      1.351920\u000a  H      -0.993019     -1.390122     -0.315624\u000a  H       0.034713      1.375659      0.279633\u000a  H       1.417100     -1.422162      0.332332\u000a  H       2.667118      1.415251      0.049901\u000a  H       3.574663     -0.147477      0.272655\u000a15\u000aCoordinates from ORCA-job calc E -19.253671030600\u000a  C      -2.407741      0.238182      0.044905\u000a  C      -1.120232     -0.526191      0.349541\u000a  C       0.109431      0.298289      0.213436\u000a  C       1.371323     -0.369313      0.015209\u000a  C       2.666698      0.331284     -0.002703\u000a  O       2.097249     -0.049796     -1.210377\u000a  H      -3.131807     -0.414840     -0.437490\u000a  H      -2.856520      0.629448      0.955133\u000a  H      -2.214397      1.074332     -0.622277\u000a  H      -1.182571     -0.943735      1.369107\u000a  H      -1.016615     -1.407992     -0.294609\u000a  H       0.028183      1.366871      0.148701\u000a  H       1.400534     -1.439093      0.196609\u000a  H       2.687464      1.400810      0.195976\u000a  H       3.569003     -0.188255      0.308181\u000a15\u000aCoordinates from ORCA-job calc E -19.255365754320\u000a  C      -2.410225      0.244206      0.058335\u000a  C      -1.133896     -0.547981      0.339820\u000a  C       0.104684      0.254882      0.161558\u000a  C       1.382738     -0.384104     -0.035628\u000a  C       2.660009      0.347455      0.048707\u000a  O       2.153575      0.012909     -1.200240\u000a  H      -3.193401     -0.410936     -0.312039\u000a  H      -2.775055      0.731026      0.959360\u000a  H      -2.229624      1.012668     -0.688270\u000a  H      -1.168416     -0.941713      1.366165\u000a  H      -1.075681     -1.426724     -0.312456\u000a  H       0.038584      1.326315      0.092044\u000a  H       1.424137     -1.455201      0.133583\u000a  H       2.658297      1.409963      0.270894\u000a  H       3.564272     -0.172763      0.347507\u000a15\u000aCoordinates from ORCA-job calc E -19.256451099390\u000a  C      -2.405512      0.245648      0.067777\u000a  C      -1.134787     -0.559275      0.339934\u000a  C       0.101711      0.230923      0.125229\u000a  C       1.385702     -0.386087     -0.084806\u000a  C       2.651716      0.353955      0.088892\u000a  O       2.184604      0.082283     -1.191196\u000a  H      -3.229693     -0.413604     -0.188189\u000a  H      -2.694870      0.825379      0.940746\u000a  H      -2.251272      0.934303     -0.758352\u000a  H      -1.151123     -0.930025      1.373566\u000a  H      -1.104352     -1.441155     -0.308927\u000a  H       0.038609      1.301129      0.030161\u000a  H       1.429099     -1.463945      0.041855\u000a  H       2.630107      1.401118      0.371954\u000a  H       3.550061     -0.180645      0.380695\u000a15\u000aCoordinates from ORCA-job calc E -19.257604679410\u000a  C      -2.401384      0.242794      0.077670\u000a  C      -1.131954     -0.566747      0.337409\u000a  C       0.098061      0.218164      0.080088\u000a  C       1.390184     -0.377008     -0.151356\u000a  C       2.645040      0.352836      0.143132\u000a  O       2.220088      0.179479     -1.171352\u000a  H      -3.264758     -0.412648      0.002058\u000a  H      -2.581853      0.951170      0.882627\u000a  H      -2.310565      0.798594     -0.851749\u000a  H      -1.127601     -0.913000      1.379263\u000a  H      -1.127761     -1.457551     -0.300169\u000a  H       0.029994      1.286842     -0.043276\u000a  H       1.430823     -1.462493     -0.093535\u000a  H       2.601857      1.369876      0.516148\u000a  H       3.529829     -0.210308      0.422383\u000a15\u000aCoordinates from ORCA-job calc E -19.258289214440\u000a  C      -2.399144      0.233770      0.083231\u000a  C      -1.122439     -0.563622      0.332470\u000a  C       0.094944      0.229196      0.043580\u000a  C       1.389726     -0.354645     -0.209928\u000a  C       2.640824      0.337498      0.195536\u000a  O       2.248344      0.278462     -1.140212\u000a  H      -3.273879     -0.400448      0.203828\u000a  H      -2.478013      1.062757      0.782379\u000a  H      -2.399298      0.634157     -0.927255\u000a  H      -1.102525     -0.894159      1.380075\u000a  H      -1.126336     -1.467057     -0.287819\u000a  H       0.010483      1.293154     -0.107150\u000a  H       1.422282     -1.442600     -0.231869\u000a  H       2.586936      1.314818      0.659687\u000a  H       3.508095     -0.261279      0.452789\u000a15\u000aCoordinates from ORCA-job calc E -19.258489808130\u000a  C      -2.401304      0.228731      0.082091\u000a  C      -1.117418     -0.558645      0.324534\u000a  C       0.093800      0.242814      0.034185\u000a  C       1.388380     -0.344391     -0.224460\u000a  C       2.642997      0.329968      0.206707\u000a  O       2.256206      0.296936     -1.131599\u000a  H      -3.271422     -0.395594      0.270425\u000a  H      -2.449928      1.093476      0.739235\u000a  H      -2.439932      0.574818     -0.947625\u000a  H      -1.095825     -0.893099      1.372031\u000a  H      -1.116667     -1.466198     -0.290049\u000a  H       0.004989      1.308461     -0.097537\u000a  H       1.415638     -1.432945     -0.262052\u000a  H       2.588760      1.297120      0.691441\u000a  H       3.501728     -0.281451      0.462016\u000a15\u000aCoordinates from ORCA-job calc E -19.258608649710\u000a  C      -2.405106      0.222005      0.077578\u000a  C      -1.111539     -0.549264      0.319925\u000a  C       0.093944      0.262549      0.034697\u000a  C       1.382400     -0.335588     -0.225275\u000a  C       2.647524      0.320170      0.206873\u000a  O       2.258912      0.301311     -1.129489\u000a  H      -3.267129     -0.403122      0.297308\u000a  H      -2.447906      1.103154      0.712796\u000a  H      -2.465054      0.541451     -0.959714\u000a  H      -1.093015     -0.889615      1.367008\u000a  H      -1.097095     -1.461486     -0.287797\u000a  H       0.001197      1.329022     -0.074511\u000a  H       1.401910     -1.423642     -0.271795\u000a  H       2.602085      1.284125      0.699544\u000a  H       3.498872     -0.301071      0.462190\u000a15\u000aCoordinates from ORCA-job calc E -19.258650637330\u000a  C      -2.406171      0.220096      0.073749\u000a  C      -1.110866     -0.547902      0.317220\u000a  C       0.093382      0.266395      0.035468\u000a  C       1.380542     -0.334321     -0.224078\u000a  C       2.649048      0.319658      0.201382\u000a  O       2.258562      0.292048     -1.133928\u000a  H      -3.267030     -0.405621      0.296187\u000a  H      -2.449242      1.102991      0.706689\u000a  H      -2.468122      0.536900     -0.964298\u000a  H      -1.095154     -0.889854      1.364304\u000a  H      -1.093194     -1.459977     -0.290605\u000a  H       0.005850      1.336274     -0.038068\u000a  H       1.397798     -1.422817     -0.263107\u000a  H       2.605730      1.287722      0.686674\u000a  H       3.498865     -0.301590      0.461752\u000a15\u000aCoordinates from ORCA-job calc E -19.258686155230\u000a  C      -2.406620      0.216389      0.069041\u000a  C      -1.109517     -0.545399      0.320747\u000a  C       0.092793      0.270614      0.035936\u000a  C       1.377178     -0.330849     -0.226270\u000a  C       2.649460      0.315517      0.199248\u000a  O       2.259715      0.297660     -1.135637\u000a  H      -3.266082     -0.408995      0.297674\u000a  H      -2.451820      1.105708      0.693044\u000a  H      -2.469378      0.523009     -0.972055\u000a  H      -1.096135     -0.879753      1.370472\u000a  H      -1.087392     -1.460607     -0.281928\u000a  H       0.008347      1.342027     -0.012702\u000a  H       1.391450     -1.418645     -0.274243\u000a  H       2.610135      1.282047      0.688729\u000a  H       3.497865     -0.308722      0.457285\u000a15\u000aCoordinates from ORCA-job calc E -19.258717025120\u000a  C      -2.406444      0.212073      0.062783\u000a  C      -1.108576     -0.543651      0.329329\u000a  C       0.091621      0.271891      0.034712\u000a  C       1.374746     -0.326245     -0.234938\u000a  C       2.648761      0.310594      0.199133\u000a  O       2.261313      0.314278     -1.136146\u000a  H      -3.265646     -0.409893      0.301978\u000a  H      -2.453207      1.112778      0.670377\u000a  H      -2.468207      0.499684     -0.983836\u000a  H      -1.097257     -0.860017      1.384409\u000a  H      -1.083687     -1.465238     -0.262738\u000a  H       0.012354      1.344950      0.015078\u000a  H       1.386733     -1.413035     -0.302784\u000a  H       2.611410      1.270403      0.702564\u000a  H       3.496085     -0.318572      0.449421\u000a15\u000aCoordinates from ORCA-job calc E -19.258739057570\u000a  C      -2.406220      0.206896      0.055423\u000a  C      -1.107083     -0.540483      0.341717\u000a  C       0.090665      0.274038      0.034934\u000a  C       1.372426     -0.320195     -0.247095\u000a  C       2.647967      0.303744      0.200586\u000a  O       2.261067      0.339709     -1.134180\u000a  H      -3.264772     -0.411384      0.306629\u000a  H      -2.456465      1.121104      0.642219\u000a  H      -2.465586      0.470389     -0.997664\u000a  H      -1.098614     -0.833445      1.403302\u000a  H      -1.077905     -1.471820     -0.233848\u000a  H       0.015654      1.347901      0.036917\u000a  H       1.382019     -1.404997     -0.343164\u000a  H       2.612905      1.251480      0.726877\u000a  H       3.493945     -0.332933      0.436688\u000a15\u000aCoordinates from ORCA-job calc E -19.258767518340\u000a  C      -2.405790      0.197427      0.041780\u000a  C      -1.104290     -0.533229      0.363803\u000a  C       0.089612      0.279963      0.040195\u000a  C       1.367887     -0.309318     -0.266607\u000a  C       2.647303      0.291363      0.201351\u000a  O       2.256625      0.381974     -1.129569\u000a  H      -3.262879     -0.416839      0.307776\u000a  H      -2.465927      1.131263      0.595627\u000a  H      -2.457414      0.423165     -1.020406\u000a  H      -1.103493     -0.787399      1.435172\u000a  H      -1.064947     -1.481592     -0.181288\u000a  H       0.021695      1.354141      0.073521\u000a  H       1.372590     -1.389341     -0.408099\u000a  H       2.618162      1.216766      0.766412\u000a  H       3.490864     -0.358343      0.409671\u000a15\u000aCoordinates from ORCA-job calc E -19.258805865970\u000a  C      -2.404279      0.180399      0.018185\u000a  C      -1.099855     -0.518871      0.399950\u000a  C       0.088689      0.293209      0.056855\u000a  C       1.358544     -0.290361     -0.293924\u000a  C       2.647209      0.270429      0.198608\u000a  O       2.244803      0.445005     -1.120197\u000a  H      -3.258950     -0.430818      0.298836\u000a  H      -2.485610      1.139693      0.523294\u000a  H      -2.437382      0.351833     -1.054761\u000a  H      -1.116909     -0.713890      1.483433\u000a  H      -1.039989     -1.492272     -0.095042\u000a  H       0.032910      1.366040      0.135832\u000a  H       1.352786     -1.359754     -0.501674\u000a  H       2.631998      1.158353      0.821238\u000a  H       3.486035     -0.398994      0.358707\u000a15\u000aCoordinates from ORCA-job calc E -19.258852030640\u000a  C      -2.400543      0.161143     -0.008293\u000a  C      -1.096172     -0.502175      0.438663\u000a  C       0.088953      0.309490      0.085591\u000a  C       1.346316     -0.269384     -0.316427\u000a  C       2.648165      0.248586      0.190450\u000a  O       2.226873      0.504248     -1.108944\u000a  H      -3.253475     -0.450758      0.276093\u000a  H      -2.508835      1.139926      0.451925\u000a  H      -2.406072      0.285039     -1.088181\u000a  H      -1.139448     -0.640456      1.530047\u000a  H      -1.011629     -1.497635     -0.004652\u000a  H       0.045493      1.379356      0.204478\u000a  H       1.326536     -1.325211     -0.584102\u000a  H       2.652866      1.096698      0.866065\u000a  H       3.480973     -0.438865      0.296628\u000a15\u000aCoordinates from ORCA-job calc E -19.258928583210\u000a  C      -2.391977      0.140454     -0.039998\u000a  C      -1.094605     -0.484627      0.482102\u000a  C       0.091603      0.327038      0.135400\u000a  C       1.329697     -0.247140     -0.330457\u000a  C       2.650733      0.227751      0.172988\u000a  O       2.197649      0.557823     -1.098625\u000a  H      -3.244892     -0.477187      0.231277\u000a  H      -2.534026      1.131900      0.381861\u000a  H      -2.355704      0.227915     -1.122789\u000a  H      -1.177788     -0.571269      1.576263\u000a  H      -0.981404     -1.498357      0.090569\u000a  H       0.058698      1.393014      0.286554\u000a  H       1.291340     -1.288496     -0.647571\u000a  H       2.684522      1.036181      0.894201\u000a  H       3.476154     -0.474998      0.217567\u000a15\u000aCoordinates from ORCA-job calc E -19.259034955130\u000a  C      -2.374993      0.119883     -0.078511\u000a  C      -1.096600     -0.469331      0.530168\u000a  C       0.096948      0.341825      0.210413\u000a  C       1.306805     -0.224888     -0.331922\u000a  C       2.653571      0.211457      0.142588\u000a  O       2.154334      0.602714     -1.093875\u000a  H      -3.231044     -0.504975      0.164061\u000a  H      -2.552997      1.119518      0.308819\u000a  H      -2.282524      0.180212     -1.159795\u000a  H      -1.235765     -0.512356      1.620663\u000a  H      -0.954072     -1.496165      0.185921\u000a  H       0.074774      1.401883      0.397240\u000a  H       1.244987     -1.253225     -0.684820\u000a  H       2.726678      0.986054      0.896758\u000a  H       3.469898     -0.502606      0.121633\u000a15\u000aCoordinates from ORCA-job calc E -19.259177001910\u000a  C      -2.338765      0.090947     -0.134619\u000a  C      -1.103390     -0.452394      0.599174\u000a  C       0.105170      0.352396      0.323521\u000a  C       1.269370     -0.192462     -0.326946\u000a  C       2.650863      0.194368      0.093285\u000a  O       2.087392      0.666870     -1.085699\u000a  H      -3.204048     -0.534165      0.070983\u000a  H      -2.554092      1.104857      0.192124\u000a  H      -2.164104      0.104394     -1.207335\u000a  H      -1.326555     -0.434105      1.674915\u000a  H      -0.930287     -1.493442      0.319261\u000a  H       0.103958      1.399167      0.573969\u000a  H       1.171687     -1.199123     -0.729867\u000a  H       2.781794      0.921864      0.885454\u000a  H       3.451007     -0.529170     -0.018879\u000a15\u000aCoordinates from ORCA-job calc E -19.259313763890\u000a  C      -2.284905      0.068396     -0.191402\u000a  C      -1.116809     -0.444961      0.668926\u000a  C       0.115956      0.342148      0.452360\u000a  C       1.227606     -0.167331     -0.306723\u000a  C       2.638700      0.190734      0.034493\u000a  O       2.002081      0.723750     -1.079930\u000a  H      -3.168769     -0.543019     -0.028239\u000a  H      -2.516434      1.097748      0.069781\u000a  H      -2.022491      0.031646     -1.245608\u000a  H      -1.426802     -0.372347      1.717688\u000a  H      -0.931205     -1.496805      0.442203\u000a  H       0.136504      1.372933      0.762100\u000a  H       1.094747     -1.153246     -0.748843\u000a  H       2.828659      0.881253      0.847799\u000a  H       3.423163     -0.530897     -0.165262\u000a15\u000aCoordinates from ORCA-job calc E -19.259369389700\u000a  C      -2.247649      0.046963     -0.225717\u000a  C      -1.125656     -0.436591      0.712714\u000a  C       0.119843      0.336699      0.518551\u000a  C       1.200227     -0.143393     -0.302374\u000a  C       2.625110      0.185763      0.002141\u000a  O       1.957512      0.776007     -1.064469\u000a  H      -3.145953     -0.545896     -0.072547\u000a  H      -2.476593      1.090746     -0.026914\u000a  H      -1.937275     -0.045573     -1.263287\u000a  H      -1.481975     -0.316586      1.740553\u000a  H      -0.938340     -1.496342      0.529514\u000a  H       0.167242      1.347424      0.887789\u000a  H       1.038936     -1.103900     -0.789362\u000a  H       2.849565      0.837904      0.838426\u000a  H       3.395005     -0.533226     -0.255677\u000a15\u000aCoordinates from ORCA-job calc E -19.259380902050\u000a  C      -2.251273      0.067446     -0.217845\u000a  C      -1.129888     -0.451459      0.700380\u000a  C       0.119442      0.321403      0.519966\u000a  C       1.211746     -0.168963     -0.280712\u000a  C       2.626056      0.203623      0.000142\u000a  O       1.947527      0.732957     -1.092211\u000a  H      -3.159005     -0.511284     -0.064702\u000a  H      -2.460475      1.111939     -0.001518\u000a  H      -1.952011     -0.014890     -1.259449\u000a  H      -1.471024     -0.368232      1.735581\u000a  H      -0.952569     -1.505474      0.472091\u000a  H       0.160543      1.338910      0.872151\u000a  H       1.062356     -1.147468     -0.735482\u000a  H       2.835590      0.899840      0.804801\u000a  H       3.412985     -0.508347     -0.223850\u000a15\u000aCoordinates from ORCA-job calc E -19.259408738430\u000a  C      -2.250569      0.055929     -0.221225\u000a  C      -1.127676     -0.443590      0.706897\u000a  C       0.118763      0.329506      0.514826\u000a  C       1.207581     -0.155330     -0.293914\u000a  C       2.625041      0.193792      0.003788\u000a  O       1.955171      0.760122     -1.074734\u000a  H      -3.155331     -0.525563     -0.061106\u000a  H      -2.465978      1.102345     -0.021304\u000a  H      -1.948314     -0.041018     -1.260630\u000a  H      -1.472201     -0.339814      1.739865\u000a  H      -0.946944     -1.501326      0.503154\u000a  H       0.165947      1.342722      0.877426\u000a  H       1.050055     -1.120101     -0.774174\u000a  H       2.840210      0.862883      0.829392\u000a  H       3.404245     -0.520557     -0.238919\u000a15\u000aCoordinates from ORCA-job calc E -19.259411957060\u000a  C      -2.247682      0.054959     -0.223627\u000a  C      -1.128296     -0.443141      0.709880\u000a  C       0.119617      0.327711      0.520126\u000a  C       1.206054     -0.154890     -0.293655\u000a  C       2.623723      0.193835      0.001805\u000a  O       1.950171      0.764605     -1.072045\u000a  H      -3.153642     -0.524972     -0.064684\u000a  H      -2.462623      1.102220     -0.027974\u000a  H      -1.941685     -0.045989     -1.261542\u000a  H      -1.476029     -0.335796      1.741427\u000a  H      -0.948617     -1.501945      0.511160\u000a  H       0.168161      1.340693      0.882958\u000a  H       1.046997     -1.117505     -0.777592\u000a  H       2.841083      0.858832      0.830075\u000a  H       3.402767     -0.518614     -0.246968\u000a15\u000aCoordinates from ORCA-job calc E -19.259413627880\u000a  C      -2.247097      0.055942     -0.224281\u000a  C      -1.128915     -0.443706      0.709841\u000a  C       0.119989      0.325611      0.521892\u000a  C       1.206523     -0.157018     -0.292591\u000a  C       2.623091      0.195352      0.000973\u000a  O       1.946951      0.764215     -1.072213\u000a  H      -3.154404     -0.521685     -0.064809\u000a  H      -2.459825      1.103883     -0.030149\u000a  H      -1.940777     -0.047274     -1.261871\u000a  H      -1.477081     -0.336933      1.741477\u000a  H      -0.950692     -1.502891      0.511866\u000a  H       0.170411      1.338310      0.885267\u000a  H       1.047949     -1.119725     -0.776374\u000a  H       2.839935      0.860743      0.829065\u000a  H       3.403942     -0.514823     -0.248751\u000a15\u000aCoordinates from ORCA-job calc E -19.259413942250\u000a  C      -2.246329      0.056386     -0.224870\u000a  C      -1.129347     -0.444043      0.710171\u000a  C       0.120243      0.324459      0.523715\u000a  C       1.206277     -0.158008     -0.291619\u000a  C       2.622661      0.196278     -0.000013\u000a  O       1.944854      0.763825     -1.072756\u000a  H      -3.154393     -0.520128     -0.065756\u000a  H      -2.457945      1.104653     -0.031301\u000a  H      -1.939413     -0.047620     -1.262214\u000a  H      -1.478532     -0.337585      1.741504\u000a  H      -0.951550     -1.503346      0.512129\u000a  H       0.171644      1.336898      0.887645\u000a  H       1.047892     -1.121011     -0.774749\u000a  H       2.839728      0.862261      0.827573\u000a  H       3.404211     -0.513017     -0.250115\u000a'));
INSERT INTO TRAJ VALUES(7,unistr('2\u000aCoordinates from ORCA-job calc E -150.154744813318\u000a  O       0.604906      0.000000      0.000000\u000a  O      -0.604906      0.000000      0.000000\u000a2\u000aCoordinates from ORCA-job calc E -150.154782012142\u000a  O       0.602665      0.000000      0.000000\u000a  O      -0.602665      0.000000      0.000000\u000a2\u000aCoordinates from ORCA-job calc E -150.154784522097\u000a  O       0.602063      0.000000      0.000000\u000a  O      -0.602063      0.000000      0.000000\u000a2\u000aCoordinates from ORCA-job calc E -150.154784270743\u000a  O       0.602076      0.000000      0.000000\u000a  O      -0.602076      0.000000      0.000000\u000a'));
INSERT INTO TRAJ VALUES(6,unistr('6\u000aCoordinates from ORCA-job calc E -78.455770935937\u000a  C       0.657515     -0.022033     -0.011183\u000a  C      -0.657938      0.022034      0.011194\u000a  H       1.204115     -0.907795      0.268886\u000a  H       1.252990      0.824981     -0.310515\u000a  H      -1.203865      0.908130     -0.269005\u000a  H      -1.252816     -0.825318      0.310622\u000a6\u000aCoordinates from ORCA-job calc E -78.456090461355\u000a  C       0.663130     -0.022284     -0.011260\u000a  C      -0.663414      0.022285      0.011266\u000a  H       1.210450     -0.913885      0.270740\u000a  H       1.259581      0.830610     -0.312577\u000a  H      -1.210282      0.914109     -0.270819\u000a  H      -1.259464     -0.830835      0.312651\u000a6\u000aCoordinates from ORCA-job calc E -78.456116361583\u000a  C       0.664744     -0.022385     -0.011273\u000a  C      -0.664912      0.022385      0.011276\u000a  H       1.209797     -0.915327      0.271241\u000a  H       1.258938      0.832064     -0.313046\u000a  H      -1.209696      0.915460     -0.271285\u000a  H      -1.258871     -0.832197      0.313086\u000a6\u000aCoordinates from ORCA-job calc E -78.456126439888\u000a  C       0.665296     -0.022443     -0.011270\u000a  C      -0.665356      0.022440      0.011269\u000a  H       1.207883     -0.916421      0.271661\u000a  H       1.257025      0.833261     -0.313391\u000a  H      -1.207842      0.916470     -0.271673\u000a  H      -1.257005     -0.833308      0.313404\u000a6\u000aCoordinates from ORCA-job calc E -78.456129922923\u000a  C       0.665214     -0.022454     -0.011262\u000a  C      -0.665223      0.022452      0.011264\u000a  H       1.206569     -0.916931      0.271864\u000a  H       1.255717      0.833847     -0.313548\u000a  H      -1.206557      0.916939     -0.271870\u000a  H      -1.255719     -0.833854      0.313551\u000a6\u000aCoordinates from ORCA-job calc E -78.456122829886\u000a  C       0.665096     -0.022448     -0.011258\u000a  C      -0.665098      0.022449      0.011263\u000a  H       1.206278     -0.917002      0.271896\u000a  H       1.255436      0.833937     -0.313571\u000a  H      -1.206274      0.917003     -0.271899\u000a  H      -1.255438     -0.833939      0.313571\u000a'));
INSERT INTO TRAJ VALUES(9,unistr('15\u000aCoordinates from ORCA-job calc E -270.656432945709\u000a  C      -1.755827     -0.387344     -0.305981\u000a  C      -0.929682     -0.303299      0.909979\u000a  C       0.116270      0.826625      0.836891\u000a  C       1.075704      0.708519     -0.328375\u000a  C       1.447930     -0.555192     -0.966492\u000a  O       0.587906      0.357116     -1.588084\u000a  H      -2.219902      0.496961     -0.695203\u000a  H      -1.863606     -1.303031     -0.850393\u000a  H      -0.438358     -1.256143      1.115531\u000a  H      -1.561098     -0.071996      1.781920\u000a  H       0.702342      0.848052      1.759208\u000a  H      -0.404493      1.782485      0.742955\u000a  H       1.819845      1.506237     -0.350224\u000a  H       0.993089     -1.482635     -0.644636\u000a  H       2.429882     -0.654685     -1.417096\u000a15\u000aCoordinates from ORCA-job calc E -270.658567410251\u000a  C      -1.854943     -0.390791     -0.269922\u000a  C      -0.938986     -0.307397      0.896161\u000a  C       0.110007      0.823105      0.798386\u000a  C       1.116427      0.711732     -0.329496\u000a  C       1.511255     -0.550806     -0.963712\u000a  O       0.678614      0.380945     -1.630025\u000a  H      -2.350067      0.499681     -0.629204\u000a  H      -1.995354     -1.309369     -0.817838\u000a  H      -0.438192     -1.261992      1.070208\u000a  H      -1.519568     -0.096913      1.805891\u000a  H       0.678411      0.866639      1.731792\u000a  H      -0.411719      1.779112      0.687974\u000a  H       1.867489      1.501724     -0.310518\u000a  H       1.032736     -1.479808     -0.671549\u000a  H       2.513891     -0.654193     -1.368147\u000a15\u000aCoordinates from ORCA-job calc E -270.659036895723\u000a  C      -1.865708     -0.394763     -0.264334\u000a  C      -0.932410     -0.305070      0.893410\u000a  C       0.106963      0.825355      0.789564\u000a  C       1.125918      0.709961     -0.319385\u000a  C       1.511826     -0.552192     -0.960410\u000a  O       0.687940      0.398087     -1.637353\u000a  H      -2.367365      0.494376     -0.623289\u000a  H      -2.003082     -1.313489     -0.815593\u000a  H      -0.424895     -1.258244      1.058639\u000a  H      -1.502906     -0.107291      1.811686\u000a  H       0.666130      0.882400      1.729056\u000a  H      -0.416223      1.780618      0.671910\u000a  H       1.882060      1.493425     -0.292202\u000a  H       1.016714     -1.476715     -0.681638\u000a  H       2.515039     -0.664789     -1.360059\u000a15\u000aCoordinates from ORCA-job calc E -270.659167549561\u000a  C      -1.859875     -0.401967     -0.262370\u000a  C      -0.927118     -0.303253      0.895731\u000a  C       0.104899      0.828927      0.787592\u000a  C       1.132622      0.707536     -0.309200\u000a  C       1.501373     -0.551953     -0.962070\u000a  O       0.690356      0.418842     -1.638625\u000a  H      -2.359980      0.483514     -0.630007\u000a  H      -1.990408     -1.322096     -0.811592\u000a  H      -0.416206     -1.254929      1.060776\u000a  H      -1.499075     -0.111758      1.814433\u000a  H       0.654843      0.900128      1.732430\u000a  H      -0.419120      1.782483      0.660438\u000a  H       1.897786      1.481383     -0.275805\u000a  H       0.987749     -1.469930     -0.698667\u000a  H       2.502157     -0.675256     -1.363064\u000a15\u000aCoordinates from ORCA-job calc E -270.659208983181\u000a  C      -1.846971     -0.411045     -0.263825\u000a  C      -0.923913     -0.301915      0.900386\u000a  C       0.104650      0.832442      0.790368\u000a  C       1.136650      0.706221     -0.301523\u000a  C       1.486718     -0.549972     -0.968306\u000a  O       0.690526      0.440314     -1.636775\u000a  H      -2.342266      0.470829     -0.645100\u000a  H      -1.973131     -1.335967     -0.805418\u000a  H      -0.411793     -1.251658      1.073208\u000a  H      -1.503331     -0.109033      1.814207\u000a  H       0.648354      0.913417      1.738245\u000a  H      -0.420037      1.784348      0.654814\u000a  H       1.912464      1.468867     -0.261334\u000a  H       0.956743     -1.461937     -0.717823\u000a  H       2.485339     -0.683240     -1.371122\u000a15\u000aCoordinates from ORCA-job calc E -270.659237627138\u000a  C      -1.824163     -0.428267     -0.267432\u000a  C      -0.920126     -0.299475      0.908739\u000a  C       0.105094      0.837687      0.796229\u000a  C       1.143048      0.704527     -0.289694\u000a  C       1.461738     -0.544716     -0.982671\u000a  O       0.694034      0.479310     -1.632703\u000a  H      -2.309617      0.446892     -0.674841\u000a  H      -1.948934     -1.364544     -0.789257\u000a  H      -0.406936     -1.245149      1.100247\u000a  H      -1.513970     -0.098561      1.811639\u000a  H       0.639878      0.931783      1.747859\u000a  H      -0.420599      1.786956      0.647006\u000a  H       1.937936      1.446130     -0.234426\u000a  H       0.905047     -1.446303     -0.754282\u000a  H       2.457572     -0.694602     -1.386413\u000a15\u000aCoordinates from ORCA-job calc E -270.659265771465\u000a  C      -1.810980     -0.440326     -0.269771\u000a  C      -0.917866     -0.298231      0.913011\u000a  C       0.105391      0.841021      0.799207\u000a  C       1.148485      0.703699     -0.281915\u000a  C       1.447246     -0.539848     -0.994069\u000a  O       0.701841      0.507501     -1.629714\u000a  H      -2.290026      0.430062     -0.694343\u000a  H      -1.944588     -1.386476     -0.771421\u000a  H      -0.403231     -1.240469      1.117639\u000a  H      -1.520432     -0.090675      1.808744\u000a  H       0.633900      0.943155      1.753216\u000a  H      -0.421620      1.787840      0.639137\u000a  H       1.956625      1.429637     -0.212833\u000a  H       0.872934     -1.434250     -0.781395\u000a  H       2.442323     -0.700970     -1.395492\u000a15\u000aCoordinates from ORCA-job calc E -270.659292409515\u000a  C      -1.802345     -0.451445     -0.271731\u000a  C      -0.915891     -0.297939      0.914761\u000a  C       0.105254      0.843627      0.800103\u000a  C       1.155426      0.703380     -0.274631\u000a  C       1.438570     -0.533732     -1.006168\u000a  O       0.715885      0.535254     -1.626972\u000a  H      -2.273645      0.415130     -0.712602\u000a  H      -1.961822     -1.409570     -0.742687\u000a  H      -0.398719     -1.236412      1.130443\u000a  H      -1.524612     -0.084225      1.805135\u000a  H       0.626933      0.952818      1.756612\u000a  H      -0.423922      1.787249      0.627977\u000a  H       1.975390      1.414171     -0.188554\u000a  H       0.849153     -1.422086     -0.809512\u000a  H       2.434346     -0.704552     -1.402172\u000a15\u000aCoordinates from ORCA-job calc E -270.659314286232\u000a  C      -1.796224     -0.461582     -0.274107\u000a  C      -0.913695     -0.298586      0.914280\u000a  C       0.104676      0.845243      0.799255\u000a  C       1.162567      0.703812     -0.268105\u000a  C       1.434634     -0.526641     -1.017269\u000a  O       0.732273      0.560986     -1.625117\u000a  H      -2.254514      0.402687     -0.733234\u000a  H      -1.998716     -1.431583     -0.702966\u000a  H      -0.393634     -1.233571      1.138389\u000a  H      -1.526771     -0.080728      1.801093\u000a  H       0.619710      0.960100      1.758303\u000a  H      -0.426876      1.785637      0.616598\u000a  H       1.991769      1.401457     -0.164276\u000a  H       0.833008     -1.410305     -0.836229\u000a  H       2.431795     -0.705256     -1.406614\u000a15\u000aCoordinates from ORCA-job calc E -270.659380147161\u000a  C      -1.782924     -0.483525     -0.280535\u000a  C      -0.908628     -0.302053      0.911539\u000a  C       0.102535      0.846870      0.796453\u000a  C       1.175506      0.705528     -0.256269\u000a  C       1.430536     -0.510856     -1.037893\u000a  O       0.764332      0.609134     -1.621685\u000a  H      -2.200533      0.376979     -0.784011\u000a  H      -2.096180     -1.464661     -0.606557\u000a  H      -0.382588     -1.230228      1.150918\u000a  H      -1.530472     -0.078871      1.792002\u000a  H       0.604872      0.971704      1.760374\u000a  H      -0.434198      1.780874      0.595909\u000a  H       2.019167      1.379678     -0.118481\u000a  H       0.808287     -1.386215     -0.887004\u000a  H       2.430291     -0.702689     -1.414758\u000a15\u000aCoordinates from ORCA-job calc E -270.659444114854\u000a  C      -1.772883     -0.504081     -0.287080\u000a  C      -0.903534     -0.308754      0.906660\u000a  C       0.099298      0.845548      0.792535\u000a  C       1.183873      0.708839     -0.249013\u000a  C       1.433306     -0.496561     -1.052061\u000a  O       0.788419      0.642532     -1.620157\u000a  H      -2.135805      0.352638     -0.837969\u000a  H      -2.209162     -1.468599     -0.505763\u000a  H      -0.371575     -1.231648      1.155397\u000a  H      -1.531589     -0.085883      1.783866\u000a  H       0.592722      0.976410      1.759915\u000a  H      -0.442947      1.774237      0.581908\u000a  H       2.033541      1.369725     -0.086066\u000a  H       0.800721     -1.368235     -0.922841\u000a  H       2.435615     -0.694498     -1.419329\u000a15\u000aCoordinates from ORCA-job calc E -270.659578021390\u000a  C      -1.782384     -0.497086     -0.289466\u000a  C      -0.902258     -0.314826      0.898750\u000a  C       0.097996      0.839825      0.790329\u000a  C       1.177770      0.715897     -0.256906\u000a  C       1.450017     -0.496352     -1.041393\u000a  O       0.777045      0.620966     -1.626158\u000a  H      -2.098466      0.361528     -0.866487\u000a  H      -2.284375     -1.438888     -0.464533\u000a  H      -0.369194     -1.241794      1.132057\u000a  H      -1.523403     -0.106367      1.784565\u000a  H       0.599258      0.958362      1.755714\u000a  H      -0.446020      1.771310      0.597965\u000a  H       2.012173      1.398436     -0.105217\u000a  H       0.837747     -1.380212     -0.897745\u000a  H       2.454094     -0.679128     -1.411476\u000a15\u000aCoordinates from ORCA-job calc E -270.659803080984\u000a  C      -1.782704     -0.491217     -0.291229\u000a  C      -0.901091     -0.318701      0.897187\u000a  C       0.098169      0.833914      0.795633\u000a  C       1.165546      0.723962     -0.264471\u000a  C       1.453971     -0.493702     -1.028587\u000a  O       0.748075      0.600494     -1.630603\u000a  H      -2.002336      0.347044     -0.937285\u000a  H      -2.354547     -1.400170     -0.419965\u000a  H      -0.371230     -1.251790      1.118143\u000a  H      -1.521112     -0.128599      1.787569\u000a  H       0.612565      0.936935      1.756895\u000a  H      -0.443717      1.772154      0.633261\u000a  H       1.983997      1.429557     -0.134496\u000a  H       0.859441     -1.386413     -0.869385\u000a  H       2.454972     -0.661798     -1.412665\u000a15\u000aCoordinates from ORCA-job calc E -270.659896642392\u000a  C      -1.771563     -0.504469     -0.292259\u000a  C      -0.898514     -0.322767      0.900534\u000a  C       0.096544      0.832374      0.801528\u000a  C       1.163130      0.728091     -0.261034\u000a  C       1.444489     -0.483252     -1.034229\u000a  O       0.742243      0.618514     -1.628215\u000a  H      -1.895012      0.289493     -1.013258\u000a  H      -2.424629     -1.363864     -0.357294\u000a  H      -0.367094     -1.255112      1.126298\u000a  H      -1.525311     -0.139650      1.787471\u000a  H       0.611362      0.936307      1.762531\u000a  H      -0.446502      1.770587      0.643711\u000a  H       1.983917      1.430337     -0.128877\u000a  H       0.843654     -1.372936     -0.883419\u000a  H       2.443286     -0.651982     -1.423488\u000a15\u000aCoordinates from ORCA-job calc E -270.659997171860\u000a  C      -1.775113     -0.498941     -0.285774\u000a  C      -0.900962     -0.321113      0.906421\u000a  C       0.097069      0.832596      0.811335\u000a  C       1.156862      0.731632     -0.260326\u000a  C       1.433235     -0.477089     -1.034881\u000a  O       0.726978      0.624349     -1.625010\u000a  H      -1.799651      0.231324     -1.077990\u000a  H      -2.453997     -1.338264     -0.333003\u000a  H      -0.369820     -1.256925      1.125094\u000a  H      -1.526063     -0.148990      1.795003\u000a  H       0.617410      0.932201      1.769858\u000a  H      -0.442301      1.774213      0.663088\u000a  H       1.978667      1.434232     -0.137594\u000a  H       0.828939     -1.364014     -0.883196\u000a  H       2.428746     -0.643539     -1.433025\u000a15\u000aCoordinates from ORCA-job calc E -270.660098143531\u000a  C      -1.776570     -0.511824     -0.280099\u000a  C      -0.899293     -0.325291      0.908966\u000a  C       0.093254      0.832771      0.815264\u000a  C       1.159359      0.736195     -0.252040\u000a  C       1.424848     -0.460878     -1.049192\u000a  O       0.738357      0.660946     -1.620590\u000a  H      -1.685031      0.108407     -1.156079\u000a  H      -2.548672     -1.267826     -0.254384\u000a  H      -0.359497     -1.258079      1.127098\u000a  H      -1.523893     -0.162808      1.798702\u000a  H       0.608956      0.937290      1.775292\u000a  H      -0.449437      1.771423      0.660319\u000a  H       1.990784      1.424271     -0.112934\u000a  H       0.805703     -1.340818     -0.917037\u000a  H       2.421132     -0.632109     -1.443285\u000a15\u000aCoordinates from ORCA-job calc E -270.660160049738\u000a  C      -1.794737     -0.503290     -0.271834\u000a  C      -0.900893     -0.327888      0.907517\u000a  C       0.090422      0.831916      0.817172\u000a  C       1.157356      0.741663     -0.249852\u000a  C       1.428462     -0.451757     -1.054399\u000a  O       0.742172      0.672205     -1.619184\u000a  H      -1.615987      0.009028     -1.203279\u000a  H      -2.621380     -1.196952     -0.205269\u000a  H      -0.351557     -1.260470      1.107894\u000a  H      -1.514231     -0.179963      1.805838\u000a  H       0.607745      0.931051      1.776579\u000a  H      -0.453966      1.769903      0.664066\u000a  H       1.988723      1.428774     -0.104890\u000a  H       0.810827     -1.333693     -0.926055\u000a  H       2.427046     -0.618857     -1.444304\u000a15\u000aCoordinates from ORCA-job calc E -270.660199739968\u000a  C      -1.816131     -0.484726     -0.265079\u000a  C      -0.903103     -0.330634      0.903217\u000a  C       0.089087      0.829783      0.814041\u000a  C       1.152463      0.743698     -0.255218\u000a  C       1.443735     -0.456227     -1.047120\u000a  O       0.737471      0.649388     -1.622348\u000a  H      -1.630741      0.025740     -1.197796\u000a  H      -2.640823     -1.181512     -0.203693\u000a  H      -0.347571     -1.263907      1.080755\u000a  H      -1.501939     -0.192422      1.811903\u000a  H       0.611546      0.920528      1.771534\u000a  H      -0.456952      1.767703      0.666566\u000a  H       1.973121      1.445259     -0.117488\u000a  H       0.844641     -1.349013     -0.904907\u000a  H       2.445197     -0.611988     -1.434366\u000a15\u000aCoordinates from ORCA-job calc E -270.660214508239\u000a  C      -1.817476     -0.481908     -0.264528\u000a  C      -0.903108     -0.331886      0.903455\u000a  C       0.088590      0.829093      0.814952\u000a  C       1.150611      0.745479     -0.255202\u000a  C       1.444095     -0.453797     -1.046775\u000a  O       0.733553      0.649660     -1.622788\u000a  H      -1.605116     -0.006627     -1.209690\u000a  H      -2.662136     -1.153406     -0.193492\u000a  H      -0.345496     -1.265128      1.076149\u000a  H      -1.500753     -0.198451      1.813245\u000a  H       0.612436      0.917236      1.772144\u000a  H      -0.457559      1.767487      0.671798\u000a  H       1.969123      1.449743     -0.118931\u000a  H       0.848069     -1.348493     -0.904521\u000a  H       2.445168     -0.607333     -1.435815\u000a15\u000aCoordinates from ORCA-job calc E -270.660217311677\u000a  C      -1.817219     -0.481331     -0.263912\u000a  C      -0.902699     -0.334026      0.904198\u000a  C       0.087981      0.828390      0.814234\u000a  C       1.149310      0.745816     -0.256329\u000a  C       1.445437     -0.453824     -1.044774\u000a  O       0.730394      0.645578     -1.624527\u000a  H      -1.597284     -0.008784     -1.208416\u000a  H      -2.670684     -1.141473     -0.194524\u000a  H      -0.343509     -1.266771      1.073842\u000a  H      -1.499672     -0.202241      1.814530\u000a  H       0.612306      0.916513      1.771464\u000a  H      -0.458942      1.766567      0.673732\u000a  H       1.964935      1.453807     -0.122636\u000a  H       0.853431     -1.350901     -0.901536\u000a  H       2.446216     -0.605650     -1.435344\u000a15\u000aCoordinates from ORCA-job calc E -270.660222847578\u000a  C      -1.818987     -0.480502     -0.262908\u000a  C      -0.902577     -0.334847      0.903864\u000a  C       0.087506      0.828347      0.813745\u000a  C       1.149370      0.745950     -0.256503\u000a  C       1.446294     -0.453629     -1.044280\u000a  O       0.731580      0.645077     -1.624969\u000a  H      -1.597108     -0.010201     -1.208150\u000a  H      -2.674326     -1.137974     -0.193069\u000a  H      -0.342322     -1.267411      1.071063\u000a  H      -1.497758     -0.204316      1.815410\u000a  H       0.611474      0.917157      1.771056\u000a  H      -0.459937      1.766127      0.672682\u000a  H       1.964658      1.454298     -0.122735\u000a  H       0.854673     -1.351079     -0.901220\u000a  H       2.447462     -0.605327     -1.433985\u000a15\u000aCoordinates from ORCA-job calc E -270.660217543549\u000a  C      -1.818468     -0.481298     -0.262741\u000a  C      -0.902437     -0.334906      0.904166\u000a  C       0.087348      0.828538      0.813673\u000a  C       1.149796      0.745591     -0.256206\u000a  C       1.445549     -0.453624     -1.044700\u000a  O       0.732620      0.646177     -1.624875\u000a  H      -1.598311     -0.007816     -1.206902\u000a  H      -2.672288     -1.140842     -0.194322\u000a  H      -0.342093     -1.267258      1.071981\u000a  H      -1.497544     -0.203759      1.815716\u000a  H       0.610674      0.918648      1.771151\u000a  H      -0.460339      1.766005      0.671333\u000a  H       1.965866      1.452949     -0.121913\u000a  H       0.852800     -1.350505     -0.902485\u000a  H       2.446828     -0.606231     -1.433874\u000a15\u000aCoordinates from ORCA-job calc E -270.660214369212\u000a  C      -1.818500     -0.481277     -0.262726\u000a  C      -0.902445     -0.334956      0.904184\u000a  C       0.087301      0.828483      0.813760\u000a  C       1.149769      0.745625     -0.256106\u000a  C       1.445545     -0.453447     -1.044845\u000a  O       0.732597      0.646400     -1.624788\u000a  H      -1.597134     -0.009681     -1.207572\u000a  H      -2.673402     -1.139396     -0.193692\u000a  H      -0.342063     -1.267335      1.071900\u000a  H      -1.497403     -0.203948      1.815842\u000a  H       0.610638      0.918690      1.771232\u000a  H      -0.460465      1.765903      0.671370\u000a  H       1.965849      1.452945     -0.121790\u000a  H       0.852870     -1.350393     -0.902755\u000a  H       2.446845     -0.605943     -1.434012\u000a'));
INSERT INTO TRAJ VALUES(10,unistr('15\u000aCoordinates from ORCA-job calc E -270.663696508806\u000a  C      -2.224065      0.527314      0.482007\u000a  C      -1.297085     -0.032773     -0.522732\u000a  C      -0.047851     -0.722307     -0.130827\u000a  C       1.102287      0.267277      0.063673\u000a  C       2.496801     -0.129762     -0.144672\u000a  O       1.815977      0.679397     -1.061272\u000a  H      -2.010482      1.585607      0.682257\u000a  H      -3.254301      0.482627      0.126460\u000a  H      -2.150006     -0.008957      1.426896\u000a  H      -1.405527      0.275420     -1.548255\u000a  H      -0.182354     -1.256374      0.814591\u000a  H       0.254276     -1.431892     -0.905105\u000a  H       0.897074      1.056955      0.784003\u000a  H       3.289196      0.356029      0.413918\u000a  H       2.716058     -1.136891     -0.480941\u000a15\u000aCoordinates from ORCA-job calc E -270.665165326561\u000a  C      -2.235433      0.533240      0.480503\u000a  C      -1.300617     -0.038467     -0.526137\u000a  C      -0.039638     -0.723651     -0.127045\u000a  C       1.106935      0.258016      0.075392\u000a  C       2.503943     -0.129127     -0.148445\u000a  O       1.805063      0.686534     -1.072722\u000a  H      -2.014116      1.589953      0.690657\u000a  H      -3.268333      0.501430      0.124147\u000a  H      -2.176385     -0.006665      1.428099\u000a  H      -1.404544      0.270001     -1.559089\u000a  H      -0.177587     -1.263633      0.815564\u000a  H       0.271333     -1.436820     -0.895884\u000a  H       0.904509      1.046224      0.799057\u000a  H       3.299741      0.361628      0.403684\u000a  H       2.725128     -1.136993     -0.487783\u000a15\u000aCoordinates from ORCA-job calc E -270.665717788343\u000a  C      -2.236266      0.538959      0.472809\u000a  C      -1.300062     -0.051080     -0.528609\u000a  C      -0.033788     -0.728675     -0.115257\u000a  C       1.106068      0.247868      0.095910\u000a  C       2.501203     -0.124018     -0.155733\u000a  O       1.779455      0.703802     -1.076247\u000a  H      -1.993982      1.588147      0.696444\u000a  H      -3.267412      0.532751      0.110072\u000a  H      -2.203466     -0.007584      1.418995\u000a  H      -1.392813      0.255375     -1.564256\u000a  H      -0.182997     -1.273079      0.824300\u000a  H       0.286085     -1.447644     -0.875081\u000a  H       0.911060      1.031152      0.826370\u000a  H       3.302490      0.370504      0.383732\u000a  H       2.724424     -1.124808     -0.513447\u000a15\u000aCoordinates from ORCA-job calc E -270.665804020935\u000a  C      -2.230321      0.542035      0.466245\u000a  C      -1.298248     -0.062289     -0.529037\u000a  C      -0.033112     -0.735266     -0.105519\u000a  C       1.102448      0.243214      0.109668\u000a  C       2.494951     -0.117297     -0.162414\u000a  O       1.759244      0.718745     -1.070407\u000a  H      -1.967410      1.584212      0.698704\u000a  H      -3.258171      0.558717      0.095558\u000a  H      -2.217906     -0.010037      1.409713\u000a  H      -1.384374      0.239375     -1.566168\u000a  H      -0.190550     -1.279529      0.833158\u000a  H       0.291234     -1.457583     -0.860184\u000a  H       0.913337      1.020638      0.847355\u000a  H       3.299935      0.378192      0.370004\u000a  H       2.718942     -1.111456     -0.536676\u000a15\u000aCoordinates from ORCA-job calc E -270.665860602926\u000a  C      -2.221292      0.545633      0.459572\u000a  C      -1.296711     -0.076480     -0.529126\u000a  C      -0.033535     -0.744864     -0.095475\u000a  C       1.096813      0.238437      0.123228\u000a  C       2.487207     -0.107461     -0.170139\u000a  O       1.735679      0.733668     -1.061627\u000a  H      -1.929113      1.577005      0.705203\u000a  H      -3.243470      0.595670      0.077532\u000a  H      -2.235943     -0.015026      1.397907\u000a  H      -1.377668      0.217175     -1.568410\u000a  H      -0.198372     -1.287675      0.842884\u000a  H       0.295769     -1.469531     -0.845554\u000a  H       0.912783      1.009368      0.868421\u000a  H       3.294688      0.390514      0.355820\u000a  H       2.713163     -1.094763     -0.560235\u000a15\u000aCoordinates from ORCA-job calc E -270.665906428608\u000a  C      -2.211588      0.549686      0.454582\u000a  C      -1.296696     -0.091402     -0.529306\u000a  C      -0.034393     -0.755494     -0.088084\u000a  C       1.090161      0.234257      0.133170\u000a  C       2.480241     -0.096311     -0.176857\u000a  O       1.714114      0.745225     -1.053327\u000a  H      -1.886172      1.567247      0.716374\u000a  H      -3.226212      0.638783      0.060797\u000a  H      -2.255935     -0.020801      1.386139\u000a  H      -1.376417      0.191393     -1.571358\u000a  H      -0.203505     -1.296517      0.850560\u000a  H       0.300113     -1.480797     -0.834963\u000a  H       0.908434      0.999225      0.884743\u000a  H       3.287826      0.405441      0.345290\u000a  H       2.710028     -1.078265     -0.577759\u000a15\u000aCoordinates from ORCA-job calc E -270.665920365105\u000a  C      -2.202392      0.553826      0.451642\u000a  C      -1.298503     -0.106327     -0.529517\u000a  C      -0.035186     -0.765758     -0.083552\u000a  C       1.083141      0.231372      0.138547\u000a  C       2.474791     -0.084682     -0.182086\u000a  O       1.696352      0.752621     -1.047783\u000a  H      -1.840446      1.553501      0.734462\u000a  H      -3.206749      0.688053      0.045693\u000a  H      -2.280129     -0.028512      1.373888\u000a  H      -1.381563      0.162582     -1.574858\u000a  H      -0.204933     -1.304706      0.856154\u000a  H       0.304422     -1.490555     -0.828299\u000a  H       0.900623      0.991755      0.894488\u000a  H       3.280218      0.421906      0.338885\u000a  H       2.710350     -1.063403     -0.587662\u000a15\u000aCoordinates from ORCA-job calc E -270.665956105437\u000a  C      -2.198123      0.555844      0.452177\u000a  C      -1.301491     -0.114566     -0.529688\u000a  C      -0.035365     -0.770073     -0.083818\u000a  C       1.079218      0.231869      0.136542\u000a  C       2.473523     -0.078163     -0.183065\u000a  O       1.691478      0.752699     -1.048866\u000a  H      -1.811176      1.540621      0.753893\u000a  H      -3.193995      0.723318      0.038475\u000a  H      -2.299975     -0.037080      1.365613\u000a  H      -1.392037      0.142272     -1.577502\u000a  H      -0.201876     -1.307496      0.857344\u000a  H       0.306711     -1.494110     -0.827945\u000a  H       0.893146      0.991813      0.892214\u000a  H       3.275793      0.432081      0.339501\u000a  H       2.714169     -1.057361     -0.584875\u000a15\u000aCoordinates from ORCA-job calc E -270.665970947999\u000a  C      -2.198248      0.555492      0.454979\u000a  C      -1.304330     -0.115926     -0.529836\u000a  C      -0.034994     -0.768540     -0.087240\u000a  C       1.078559      0.234990      0.129895\u000a  C       2.475155     -0.077329     -0.180247\u000a  O       1.697217      0.747635     -1.054892\u000a  H      -1.800066      1.531477      0.770250\u000a  H      -3.189791      0.740050      0.038433\u000a  H      -2.311895     -0.045841      1.361790\u000a  H      -1.403220      0.133195     -1.578816\u000a  H      -0.196653     -1.305200      0.855262\u000a  H       0.306902     -1.492329     -0.831698\u000a  H       0.887874      0.998339      0.881144\u000a  H       3.274734      0.435023      0.344543\u000a  H       2.718757     -1.059367     -0.573567\u000a15\u000aCoordinates from ORCA-job calc E -270.665971525723\u000a  C      -2.199791      0.553931      0.457399\u000a  C      -1.306087     -0.114951     -0.529756\u000a  C      -0.034436     -0.764956     -0.089766\u000a  C       1.079439      0.238698      0.123777\u000a  C       2.476873     -0.078615     -0.177226\u000a  O       1.704548      0.742733     -1.061408\u000a  H      -1.796181      1.523903      0.784023\u000a  H      -3.188442      0.748751      0.038903\u000a  H      -2.321157     -0.054781      1.358456\u000a  H      -1.410917      0.129583     -1.579213\u000a  H      -0.192469     -1.300782      0.853966\u000a  H       0.306293     -1.489634     -0.833966\u000a  H       0.885749      1.006299      0.869998\u000a  H       3.275302      0.434806      0.348256\u000a  H       2.721275     -1.063315     -0.563445\u000a15\u000aCoordinates from ORCA-job calc E -270.665981299290\u000a  C      -2.200718      0.552369      0.458723\u000a  C      -1.306830     -0.114285     -0.529491\u000a  C      -0.034018     -0.762258     -0.090659\u000a  C       1.080231      0.241504      0.119996\u000a  C       2.477535     -0.079598     -0.175324\u000a  O       1.708965      0.739561     -1.066167\u000a  H      -1.792814      1.517202      0.795057\u000a  H      -3.186580      0.755746      0.037942\u000a  H      -2.329276     -0.062480      1.354711\u000a  H      -1.414748      0.127743     -1.579113\u000a  H      -0.190176     -1.297084      0.854037\u000a  H       0.305690     -1.488263     -0.834126\u000a  H       0.885172      1.012618      0.862214\u000a  H       3.275798      0.434924      0.349295\u000a  H       2.721768     -1.066030     -0.557097\u000a15\u000aCoordinates from ORCA-job calc E -270.665985046436\u000a  C      -2.202098      0.550825      0.459234\u000a  C      -1.306464     -0.112538     -0.529181\u000a  C      -0.033744     -0.760080     -0.090393\u000a  C       1.081400      0.243225      0.118280\u000a  C       2.478074     -0.081010     -0.174744\u000a  O       1.711705      0.737515     -1.068770\u000a  H      -1.794723      1.514279      0.800057\u000a  H      -3.187063      0.755746      0.037156\u000a  H      -2.332724     -0.067211      1.352749\u000a  H      -1.414331      0.130198     -1.578581\u000a  H      -0.189640     -1.293867      0.854944\u000a  H       0.305088     -1.487338     -0.833067\u000a  H       0.886653      1.016697      0.858114\u000a  H       3.276952      0.433803      0.348571\u000a  H       2.720916     -1.068575     -0.554368\u000a15\u000aCoordinates from ORCA-job calc E -270.665967573075\u000a  C      -2.203768      0.549268      0.459498\u000a  C      -1.305832     -0.110829     -0.528764\u000a  C      -0.033407     -0.758241     -0.089475\u000a  C       1.082621      0.244614      0.117071\u000a  C       2.478671     -0.082181     -0.174991\u000a  O       1.713465      0.735522     -1.071064\u000a  H      -1.796948      1.511287      0.805063\u000a  H      -3.187516      0.756072      0.035539\u000a  H      -2.337079     -0.071956      1.350407\u000a  H      -1.412608      0.133313     -1.577904\u000a  H      -0.189349     -1.290621      0.856637\u000a  H       0.304768     -1.486823     -0.831162\u000a  H       0.888817      1.020088      0.855005\u000a  H       3.278270      0.433017      0.346788\u000a  H       2.719894     -1.070860     -0.552649\u000a'));
INSERT INTO TRAJ VALUES(11,unistr('15\u000aCoordinates from ORCA-job calc E -270.666550870781\u000a  C      -2.246329      0.056386     -0.224870\u000a  C      -1.129347     -0.444043      0.710171\u000a  C       0.120243      0.324459      0.523715\u000a  C       1.206277     -0.158008     -0.291619\u000a  C       2.622661      0.196278     -0.000013\u000a  O       1.944854      0.763825     -1.072756\u000a  H      -3.154393     -0.520128     -0.065756\u000a  H      -2.457945      1.104653     -0.031301\u000a  H      -1.939413     -0.047620     -1.262214\u000a  H      -1.478532     -0.337585      1.741504\u000a  H      -0.951550     -1.503346      0.512129\u000a  H       0.171644      1.336898      0.887645\u000a  H       1.047892     -1.121011     -0.774749\u000a  H       2.839728      0.862261      0.827573\u000a  H       3.404211     -0.513017     -0.250115\u000a15\u000aCoordinates from ORCA-job calc E -270.667846434716\u000a  C      -2.259697      0.050109     -0.227428\u000a  C      -1.137281     -0.437846      0.712728\u000a  C       0.122901      0.331600      0.528204\u000a  C       1.219852     -0.157566     -0.287634\u000a  C       2.637768      0.190654     -0.001161\u000a  O       1.954561      0.781587     -1.078684\u000a  H      -3.171058     -0.529897     -0.067729\u000a  H      -2.479990      1.102337     -0.041974\u000a  H      -1.955120     -0.056479     -1.269671\u000a  H      -1.487109     -0.336438      1.744595\u000a  H      -0.957510     -1.500304      0.527058\u000a  H       0.181339      1.348618      0.898421\u000a  H       1.055606     -1.113192     -0.782124\u000a  H       2.857044      0.845699      0.836999\u000a  H       3.418695     -0.518881     -0.262260\u000a15\u000aCoordinates from ORCA-job calc E -270.668322056476\u000a  C      -2.262175      0.046882     -0.231081\u000a  C      -1.143196     -0.432926      0.714643\u000a  C       0.124815      0.333286      0.537185\u000a  C       1.227909     -0.162422     -0.277417\u000a  C       2.641852      0.186498     -0.002327\u000a  O       1.950844      0.795036     -1.084229\u000a  H      -3.176775     -0.530059     -0.072821\u000a  H      -2.486071      1.101319     -0.056080\u000a  H      -1.959264     -0.064451     -1.274371\u000a  H      -1.494731     -0.337075      1.746428\u000a  H      -0.961651     -1.497583      0.539480\u000a  H       0.193045      1.348726      0.912857\u000a  H       1.057045     -1.110024     -0.783203\u000a  H       2.863963      0.838123      0.837544\u000a  H       3.424389     -0.515332     -0.277268\u000a15\u000aCoordinates from ORCA-job calc E -270.668402476099\u000a  C      -2.257667      0.049217     -0.233431\u000a  C      -1.145102     -0.433542      0.715055\u000a  C       0.126006      0.327969      0.544647\u000a  C       1.228253     -0.169464     -0.269790\u000a  C       2.637666      0.188674     -0.004504\u000a  O       1.940247      0.793591     -1.089268\u000a  H      -3.175430     -0.522821     -0.078099\u000a  H      -2.478734      1.104562     -0.061671\u000a  H      -1.953738     -0.063971     -1.275921\u000a  H      -1.498780     -0.340531      1.746543\u000a  H      -0.964465     -1.498653      0.540728\u000a  H       0.200796      1.340590      0.924713\u000a  H       1.056820     -1.116814     -0.775473\u000a  H       2.859949      0.847573      0.829287\u000a  H       3.424179     -0.506380     -0.283476\u000a15\u000aCoordinates from ORCA-job calc E -270.668441679950\u000a  C      -2.250749      0.054756     -0.236474\u000a  C      -1.147462     -0.436963      0.715903\u000a  C       0.127921      0.317301      0.555514\u000a  C       1.227258     -0.179854     -0.260761\u000a  C       2.631720      0.195630     -0.009780\u000a  O       1.923719      0.785336     -1.097310\u000a  H      -3.173278     -0.510481     -0.086880\u000a  H      -2.465739      1.111142     -0.065273\u000a  H      -1.943185     -0.058951     -1.277528\u000a  H      -1.505358     -0.346426      1.746308\u000a  H      -0.970325     -1.502304      0.539127\u000a  H       0.209696      1.326511      0.941493\u000a  H       1.058868     -1.131077     -0.759856\u000a  H       2.852552      0.867209      0.814052\u000a  H       3.424361     -0.491828     -0.289194\u000a15\u000aCoordinates from ORCA-job calc E -270.668491000162\u000a  C      -2.240180      0.064460     -0.241469\u000a  C      -1.151888     -0.443554      0.718319\u000a  C       0.131226      0.298730      0.574133\u000a  C       1.225994     -0.196038     -0.247128\u000a  C       2.624109      0.208953     -0.020745\u000a  O       1.896550      0.769360     -1.110236\u000a  H      -3.170097     -0.491060     -0.103321\u000a  H      -2.445529      1.122184     -0.068160\u000a  H      -1.924277     -0.047954     -1.279925\u000a  H      -1.518112     -0.355561      1.746062\u000a  H      -0.982128     -1.509208      0.536533\u000a  H       0.221137      1.303787      0.968022\u000a  H       1.065160     -1.155584     -0.732061\u000a  H       2.842003      0.899593      0.787944\u000a  H       3.426032     -0.468109     -0.298627\u000a15\u000aCoordinates from ORCA-job calc E -270.668560949149\u000a  C      -2.216869      0.084739     -0.252424\u000a  C      -1.161679     -0.457402      0.725045\u000a  C       0.138252      0.259079      0.615614\u000a  C       1.224119     -0.228264     -0.218706\u000a  C       2.608550      0.237633     -0.047025\u000a  O       1.837495      0.734106     -1.135289\u000a  H      -3.161346     -0.451516     -0.140961\u000a  H      -2.402947      1.144731     -0.072625\u000a  H      -1.880189     -0.023844     -1.284568\u000a  H      -1.547811     -0.372541      1.745639\u000a  H      -1.008877     -1.523812      0.533211\u000a  H       0.240973      1.256966      1.024062\u000a  H       1.082032     -1.205344     -0.672385\u000a  H       2.819691      0.963947      0.731903\u000a  H       3.428605     -0.418477     -0.322150\u000a15\u000aCoordinates from ORCA-job calc E -270.668594768934\u000a  C      -2.183633      0.110062     -0.266743\u000a  C      -1.173898     -0.474333      0.735383\u000a  C       0.146864      0.208365      0.671152\u000a  C       1.222565     -0.266804     -0.182078\u000a  C       2.585923      0.273041     -0.083717\u000a  O       1.758656      0.686859     -1.162303\u000a  H      -3.144717     -0.402731     -0.192900\u000a  H      -2.347217      1.171966     -0.076516\u000a  H      -1.816521      0.007364     -1.289104\u000a  H      -1.587821     -0.390574      1.744804\u000a  H      -1.043797     -1.541597      0.532009\u000a  H       0.260163      1.199106      1.094998\u000a  H       1.108299     -1.264329     -0.596341\u000a  H       2.787549      1.039028      0.659372\u000a  H       3.427586     -0.355421     -0.358675\u000a15\u000aCoordinates from ORCA-job calc E -270.668632180213\u000a  C      -2.190242      0.104358     -0.265218\u000a  C      -1.172649     -0.471180      0.735446\u000a  C       0.145054      0.218868      0.663622\u000a  C       1.222521     -0.257179     -0.189387\u000a  C       2.593304      0.266316     -0.079291\u000a  O       1.772876      0.697651     -1.156347\u000a  H      -3.147344     -0.415649     -0.187150\u000a  H      -2.360701      1.165444     -0.075316\u000a  H      -1.825288      0.002674     -1.288624\u000a  H      -1.583661     -0.385541      1.745809\u000a  H      -1.039026     -1.538726      0.535674\u000a  H       0.252331      1.212289      1.083710\u000a  H       1.102665     -1.251305     -0.610826\u000a  H       2.801200      1.021613      0.673006\u000a  H       3.428961     -0.369630     -0.355768\u000a15\u000aCoordinates from ORCA-job calc E -270.668635560978\u000a  C      -2.186331      0.104332     -0.268383\u000a  C      -1.174498     -0.471820      0.739294\u000a  C       0.145581      0.216511      0.672707\u000a  C       1.221210     -0.256042     -0.187040\u000a  C       2.593700      0.267856     -0.085110\u000a  O       1.764645      0.698063     -1.156227\u000a  H      -3.143411     -0.417127     -0.197078\u000a  H      -2.358816      1.165080     -0.077128\u000a  H      -1.814009      0.004544     -1.289514\u000a  H      -1.591089     -0.383378      1.746961\u000a  H      -1.043227     -1.540148      0.541928\u000a  H       0.248809      1.210377      1.093891\u000a  H       1.102043     -1.251018     -0.606860\u000a  H       2.807583      1.021282      0.667566\u000a  H       3.427809     -0.368512     -0.365665\u000a15\u000aCoordinates from ORCA-job calc E -270.668631432065\u000a  C      -2.183537      0.103450     -0.270162\u000a  C      -1.174941     -0.471573      0.741375\u000a  C       0.145805      0.215920      0.676893\u000a  C       1.219627     -0.254621     -0.186511\u000a  C       2.592674      0.267684     -0.086939\u000a  O       1.760736      0.700657     -1.155350\u000a  H      -3.140811     -0.417975     -0.201247\u000a  H      -2.356623      1.164387     -0.080490\u000a  H      -1.808061      0.002631     -1.290037\u000a  H      -1.594029     -0.381114      1.747808\u000a  H      -1.044104     -1.540419      0.546389\u000a  H       0.248643      1.208955      1.100101\u000a  H       1.099163     -1.248911     -0.607667\u000a  H       2.809905      1.019676      0.666192\u000a  H       3.425554     -0.368746     -0.371014\u000a15\u000aCoordinates from ORCA-job calc E -270.668642669747\u000a  C      -2.174515      0.101214     -0.275570\u000a  C      -1.176232     -0.470881      0.747448\u000a  C       0.146736      0.212945      0.689444\u000a  C       1.214575     -0.251551     -0.184691\u000a  C       2.588256      0.267929     -0.092280\u000a  O       1.748196      0.707913     -1.152963\u000a  H      -3.133093     -0.418552     -0.213123\u000a  H      -2.347773      1.163174     -0.092131\u000a  H      -1.790188     -0.004482     -1.291603\u000a  H      -1.602609     -0.374260      1.750125\u000a  H      -1.046867     -1.541214      0.559370\u000a  H       0.251209      1.202260      1.120554\u000a  H       1.090369     -1.243767     -0.609894\u000a  H       2.813697      1.016727      0.661481\u000a  H       3.418239     -0.367452     -0.386826\u000a15\u000aCoordinates from ORCA-job calc E -270.668652745533\u000a  C      -2.170970      0.099443     -0.277926\u000a  C      -1.176609     -0.470126      0.750161\u000a  C       0.147132      0.212187      0.693879\u000a  C       1.212038     -0.249553     -0.185081\u000a  C       2.586370      0.267725     -0.093941\u000a  O       1.744138      0.712901     -1.151029\u000a  H      -3.130298     -0.419037     -0.216793\u000a  H      -2.343674      1.162202     -0.098931\u000a  H      -1.783606     -0.010232     -1.292365\u000a  H      -1.605687     -0.369790      1.751264\u000a  H      -1.047611     -1.541211      0.565886\u000a  H       0.253936      1.199073      1.129804\u000a  H       1.085304     -1.240007     -0.613765\u000a  H       2.814787      1.013814      0.661574\u000a  H       3.414751     -0.367389     -0.393397\u000a15\u000aCoordinates from ORCA-job calc E -270.668659526839\u000a  C      -2.154355      0.093315     -0.288291\u000a  C      -1.179071     -0.467698      0.762391\u000a  C       0.149259      0.205941      0.714982\u000a  C       1.201439     -0.243715     -0.184916\u000a  C       2.577408      0.269183     -0.103212\u000a  O       1.722991      0.731394     -1.143503\u000a  H      -3.117563     -0.418676     -0.235068\u000a  H      -2.323295      1.159449     -0.127317\u000a  H      -1.752268     -0.032859     -1.295070\u000a  H      -1.620824     -0.351200      1.755859\u000a  H      -1.053601     -1.541952      0.593515\u000a  H       0.266915      1.182432      1.170639\u000a  H       1.065895     -1.227435     -0.626573\u000a  H       2.816825      1.004844      0.658992\u000a  H       3.400245     -0.363022     -0.423089\u000a15\u000aCoordinates from ORCA-job calc E -270.668661927836\u000a  C      -2.160221      0.093248     -0.285359\u000a  C      -1.178064     -0.467220      0.759357\u000a  C       0.148449      0.209844      0.707254\u000a  C       1.203986     -0.243443     -0.187144\u000a  C       2.580857      0.267417     -0.099496\u000a  O       1.732126      0.730209     -1.143647\u000a  H      -3.121858     -0.421354     -0.228135\u000a  H      -2.331055      1.158671     -0.121415\u000a  H      -1.762916     -0.030004     -1.294414\u000a  H      -1.615674     -0.353866      1.755088\u000a  H      -1.050704     -1.540767      0.587823\u000a  H       0.264728      1.188602      1.158502\u000a  H       1.069001     -1.227267     -0.628544\u000a  H       2.817226      1.002521      0.664230\u000a  H       3.404120     -0.366589     -0.414759\u000a15\u000aCoordinates from ORCA-job calc E -270.668660147471\u000a  C      -2.162118      0.091680     -0.284937\u000a  C      -1.177706     -0.466037      0.759324\u000a  C       0.148224      0.212139      0.704707\u000a  C       1.204035     -0.241815     -0.189339\u000a  C       2.582228      0.265982     -0.098112\u000a  O       1.736142      0.733629     -1.141790\u000a  H      -3.122951     -0.424244     -0.225685\u000a  H      -2.334148      1.157119     -0.122199\u000a  H      -1.765957     -0.032473     -1.294362\u000a  H      -1.614287     -0.351793      1.755383\u000a  H      -1.049549     -1.539669      0.589009\u000a  H       0.265556      1.190844      1.155856\u000a  H       1.067631     -1.224023     -0.633792\u000a  H       2.818296      0.997701      0.668992\u000a  H       3.404602     -0.369037     -0.413714\u000a15\u000aCoordinates from ORCA-job calc E -270.668660537679\u000a  C      -2.159592      0.090581     -0.286633\u000a  C      -1.178194     -0.465425      0.761496\u000a  C       0.148611      0.211209      0.708109\u000a  C       1.202391     -0.241015     -0.189376\u000a  C       2.580997      0.266160     -0.099799\u000a  O       1.732851      0.736987     -1.140249\u000a  H      -3.120779     -0.424897     -0.228878\u000a  H      -2.331565      1.156449     -0.126591\u000a  H      -1.760742     -0.035854     -1.294732\u000a  H      -1.616921     -0.348334      1.756224\u000a  H      -1.050846     -1.539615      0.593936\u000a  H       0.267840      1.188492      1.161851\u000a  H       1.064676     -1.221898     -0.636320\u000a  H       2.818745      0.995414      0.669134\u000a  H       3.402528     -0.368253     -0.418832\u000a'));
CREATE TABLE HESSIANS (
    calc_id INTEGER REFERENCES SMILES(calc_id) UNIQUE,
    hessian_data TEXT
);
CREATE TABLE IMAGINARYFREQUENCIES (
    calc_id INTEGER REFERENCES SMILES(calc_id) UNIQUE,
    frequency DOUBLE PRECISION NOT NULL,
    xyz TEXT NOT NULL
);
COMMIT;
